0,1,2,3,4,5,6,7,y
0.0,0.0,1.0,0.0,0.0,0.4722265067674694,-1.7565251299004097,0.734336259529673,9193.8385
0.0,0.0,0.0,0.0,0.0,0.5433129392718578,-1.0330823901348098,-0.9111921126101178,8534.6718
0.0,0.0,0.0,1.0,0.0,0.8987451017937995,-0.9436867197747587,-0.9111921126101178,27117.99378
0.0,0.0,0.0,1.0,0.0,-0.02537852076324914,0.622392986903176,3.202628817739359,8596.8278
0.0,0.0,1.0,0.0,0.0,1.0409179668025763,-1.504892872590636,1.5571004455995683,12475.3513
1.0,0.0,0.0,1.0,0.0,1.6806958593420716,1.8060578814853356,-0.9111921126101178,13405.3903
0.0,0.0,0.0,0.0,1.0,-1.2338478733378513,-1.0363933408888857,-0.9111921126101178,2150.469
1.0,1.0,0.0,0.0,0.0,-1.5181936033554047,-1.4891658565087746,-0.9111921126101178,13747.87235
1.0,0.0,0.0,0.0,0.0,0.04570791174113922,1.7663264724364236,-0.08842792654022237,6610.1097
1.0,1.0,0.0,0.0,0.0,-0.16755138577202586,0.6025272823787207,-0.08842792654022237,39047.285
1.0,0.0,0.0,0.0,0.0,-0.38081068328519097,-1.347622711772027,0.734336259529673,27375.90478
1.0,0.0,0.0,1.0,0.0,0.7565722367850228,1.077648715588622,-0.08842792654022237,9048.0273
0.0,0.0,1.0,0.0,0.0,0.6854858042806344,-0.10518844130501867,-0.9111921126101178,8988.15875
0.0,0.0,0.0,0.0,0.0,1.7517822918464598,1.4517861507992067,-0.9111921126101178,14901.5167
1.0,0.0,0.0,0.0,1.0,0.4722265067674694,-0.7880720343331878,3.202628817739359,10096.97
1.0,0.0,1.0,0.0,0.0,0.7565722367850228,0.2722599446596417,-0.9111921126101178,8835.26495
1.0,1.0,0.0,0.0,1.0,-0.23863781827641423,0.47008925221568104,0.734336259529673,38415.474
1.0,0.0,0.0,0.0,0.0,-1.0205885758246862,-0.7185420684975927,-0.9111921126101178,2721.3208
0.0,0.0,0.0,1.0,0.0,0.8276586692894112,1.1869100904731287,-0.08842792654022237,9877.6077
1.0,1.0,0.0,1.0,0.0,0.8987451017937995,1.860688568927589,0.734336259529673,47269.854
1.0,0.0,0.0,0.0,0.0,-0.6651564133027443,-0.4826368272696796,-0.08842792654022237,4237.12655
1.0,0.0,1.0,0.0,0.0,-1.0205885758246862,0.8384325236066331,-0.9111921126101178,2534.39375
0.0,0.0,0.0,0.0,0.0,-1.5181936033554047,0.22507889641405968,-0.9111921126101178,2205.9808
1.0,0.0,0.0,0.0,1.0,1.2541772643157414,-0.407312697614451,-0.9111921126101178,10965.446
0.0,1.0,0.0,0.0,0.0,-0.8784157108159095,-2.086792467619488,0.734336259529673,15006.57945
1.0,0.0,0.0,0.0,0.0,0.6143993717762462,0.8384325236066331,2.379864631669464,10736.87075
1.0,0.0,0.0,1.0,0.0,0.401140074263081,-1.034737865511848,3.202628817739359,9788.8659
1.0,0.0,0.0,0.0,0.0,1.0409179668025763,-1.0802634383803924,-0.9111921126101178,10422.91665
1.0,0.0,0.0,1.0,0.0,0.6854858042806344,1.1504896321782931,0.734336259529673,9304.7019
0.0,0.0,0.0,0.0,1.0,-0.9495021433202978,-1.7813572605559793,-0.08842792654022237,3378.91
0.0,0.0,0.0,1.0,0.0,-1.2338478733378513,-0.415590074499641,-0.9111921126101178,2155.6815
1.0,1.0,0.0,1.0,0.0,-1.0916750083290745,1.5875351317163215,-0.9111921126101178,38126.2465
1.0,1.0,0.0,0.0,1.0,-0.38081068328519097,0.03966565418580509,-0.9111921126101178,35491.64
1.0,0.0,0.0,1.0,0.0,-0.02537852076324914,2.461626130792378,0.734336259529673,6356.2707
0.0,0.0,1.0,0.0,0.0,-1.4471071708510164,0.004900671268007243,0.734336259529673,24059.68019
1.0,1.0,1.0,0.0,0.0,-1.4471071708510164,-0.7499961006613141,-0.08842792654022237,16450.8947
1.0,0.0,0.0,1.0,0.0,1.3963501293245182,-0.14243663728837358,0.734336259529673,12925.886
1.0,1.0,0.0,1.0,0.0,-0.6651564133027443,0.8227055075247725,-0.9111921126101178,36950.2567
0.0,0.0,0.0,0.0,0.0,-1.376020738346628,0.004900671268007243,-0.9111921126101178,2459.7201
1.0,1.0,0.0,1.0,0.0,1.7517822918464598,0.5495520703135051,-0.9111921126101178,46889.2612
1.0,0.0,0.0,1.0,0.0,-0.38081068328519097,1.9153192563698433,0.734336259529673,5124.1887
0.0,0.0,0.0,1.0,0.0,-1.5181936033554047,1.2779612362102186,-0.9111921126101178,14133.03775
0.0,0.0,0.0,0.0,1.0,-0.30972425078080257,-0.4735317126959708,1.5571004455995683,6414.178
1.0,0.0,0.0,1.0,0.0,-1.5181936033554047,-0.08780594984611975,-0.08842792654022237,1720.3537
1.0,1.0,1.0,0.0,0.0,-1.0205885758246862,-1.0645364222985318,-0.9111921126101178,15817.9857
0.0,0.0,0.0,0.0,1.0,1.6096094268376833,0.436979744674922,-0.9111921126101178,13462.52
1.0,0.0,0.0,0.0,1.0,-1.3049343058422396,-1.3674884162964829,-0.08842792654022237,2103.08
0.0,0.0,0.0,0.0,1.0,1.0409179668025763,0.03966565418580509,1.5571004455995683,12105.32
1.0,0.0,0.0,1.0,0.0,1.1120043993069646,0.40387023713416187,-0.9111921126101178,20781.48892
0.0,0.0,1.0,0.0,0.0,1.3252636968201297,0.9799756683433803,-0.9111921126101178,12235.8392
1.0,1.0,0.0,1.0,0.0,-0.0964649532676375,1.2961714653576364,1.5571004455995683,41949.2441
0.0,0.0,1.0,0.0,0.0,1.183090831811353,0.5396192180512768,0.734336259529673,12643.3778
1.0,1.0,0.0,1.0,0.0,0.6143993717762462,-1.0165276363644298,-0.9111921126101178,21223.6758
0.0,0.0,0.0,0.0,1.0,0.11679434424552758,0.33765122205264264,1.5571004455995683,7954.517
1.0,0.0,0.0,0.0,1.0,1.6806958593420716,1.5295934935199917,1.5571004455995683,15170.069
1.0,0.0,0.0,0.0,1.0,-0.6651564133027443,0.13899417680808387,-0.08842792654022237,3659.346
0.0,0.0,0.0,1.0,0.0,0.4722265067674694,-0.4702207619418948,-0.08842792654022237,8232.6388
1.0,0.0,0.0,0.0,1.0,0.401140074263081,-0.3079841749921722,0.734336259529673,8027.968
1.0,0.0,0.0,1.0,0.0,1.4674365618289065,0.4220804662815796,1.5571004455995683,13919.8229
1.0,0.0,0.0,0.0,1.0,1.1120043993069646,-1.499926446459522,-0.08842792654022237,10791.96
0.0,0.0,0.0,0.0,0.0,-1.0205885758246862,1.7820534885182855,-0.9111921126101178,17878.90068
1.0,0.0,0.0,0.0,1.0,1.183090831811353,1.4964839859792327,-0.9111921126101178,10601.412
0.0,0.0,0.0,0.0,0.0,1.4674365618289065,-0.4983638433515403,-0.9111921126101178,13217.0945
1.0,0.0,0.0,0.0,0.0,1.3252636968201297,0.7126163949517466,-0.9111921126101178,11944.59435
1.0,0.0,0.0,0.0,1.0,-0.38081068328519097,0.37076072959340167,-0.08842792654022237,14358.36437
1.0,1.0,0.0,1.0,0.0,-1.4471071708510164,-0.05138549155128425,-0.9111921126101178,32548.3405
1.0,0.0,0.0,1.0,0.0,0.11679434424552758,0.4949213828712506,-0.9111921126101178,5699.8375
1.0,0.0,1.0,0.0,0.0,-1.0916750083290745,-1.1431715027078357,-0.9111921126101178,2352.96845
0.0,0.0,0.0,1.0,0.0,-0.8073292783115211,-0.6705332825634907,0.734336259529673,4340.4409
1.0,0.0,0.0,0.0,1.0,0.8276586692894112,1.5130387397496128,-0.08842792654022237,9391.346
1.0,1.0,0.0,1.0,0.0,0.5433129392718578,0.9137566532618612,-0.08842792654022237,42211.1382
0.0,0.0,0.0,0.0,1.0,0.4722265067674694,-0.2748746674514126,0.734336259529673,8823.279
0.0,0.0,1.0,0.0,0.0,1.6806958593420716,-0.7185420684975927,-0.9111921126101178,14256.1928
0.0,0.0,0.0,0.0,0.0,-0.0964649532676375,-1.7565251299004097,0.734336259529673,7133.9025
0.0,0.0,1.0,0.0,0.0,-0.8073292783115211,-0.7028150524157315,1.5571004455995683,5312.16985
1.0,0.0,0.0,0.0,1.0,-1.0205885758246862,-0.6225244966293892,1.5571004455995683,3906.127
0.0,0.0,0.0,0.0,0.0,-1.5181936033554047,-0.07373440914129732,-0.9111921126101178,2203.47185
0.0,0.0,1.0,0.0,0.0,0.401140074263081,-0.4826368272696796,-0.08842792654022237,28340.18885
1.0,0.0,0.0,1.0,0.0,-0.0964649532676375,-0.3791696162048055,-0.08842792654022237,5484.4673
0.0,0.0,0.0,1.0,0.0,-1.5181936033554047,0.13071679992289442,-0.9111921126101178,1622.1885
0.0,0.0,0.0,0.0,1.0,0.7565722367850228,0.5197535135268213,2.379864631669464,11299.343
0.0,0.0,1.0,0.0,0.0,0.4722265067674694,-0.46690981118781893,-0.9111921126101178,8026.6666
1.0,0.0,0.0,0.0,1.0,-0.38081068328519097,-0.5894149890886297,0.734336259529673,11737.84884
0.0,0.0,0.0,0.0,1.0,-1.4471071708510164,-1.1853861248223048,0.734336259529673,2913.569
0.0,0.0,0.0,0.0,1.0,0.8276586692894112,-0.7880720343331878,-0.08842792654022237,9861.025
0.0,0.0,0.0,1.0,0.0,-1.0916750083290745,0.5677622994609228,-0.9111921126101178,2473.3341
0.0,1.0,1.0,0.0,0.0,-0.30972425078080257,0.5868002662968588,1.5571004455995683,39983.42595
1.0,1.0,0.0,1.0,0.0,-1.5181936033554047,1.2597510070628009,-0.9111921126101178,36307.7983
0.0,1.0,0.0,1.0,0.0,0.8276586692894112,1.241540777915383,-0.9111921126101178,44400.4064
0.0,0.0,0.0,0.0,1.0,-0.8073292783115211,0.47008925221568104,-0.9111921126101178,3172.018
1.0,0.0,0.0,1.0,0.0,0.4722265067674694,-0.6523230534160729,-0.08842792654022237,7742.1098
0.0,0.0,0.0,1.0,0.0,0.11679434424552758,0.07608611248064058,-0.9111921126101178,6185.3208
0.0,0.0,0.0,0.0,1.0,-1.376020738346628,0.45353449844530097,-0.9111921126101178,1880.487
0.0,1.0,0.0,0.0,0.0,0.25896720925430433,-0.8758122293162013,-0.08842792654022237,21771.3423
1.0,0.0,0.0,0.0,0.0,0.11679434424552758,-1.0959904544622532,-0.08842792654022237,6858.4796
1.0,1.0,0.0,1.0,0.0,0.04570791174113922,-1.7813572605559793,-0.08842792654022237,17179.522
1.0,1.0,1.0,0.0,0.0,0.401140074263081,0.9799756683433803,0.734336259529673,42760.5022
0.0,0.0,0.0,1.0,0.0,-0.23863781827641423,-0.1060161789935375,-0.08842792654022237,5478.0368
0.0,0.0,0.0,0.0,1.0,1.4674365618289065,-0.009998607125334605,-0.9111921126101178,12638.195
0.0,0.0,1.0,0.0,0.0,-0.38081068328519097,1.1215188130801288,0.734336259529673,5989.52365
0.0,0.0,1.0,0.0,0.0,0.6854858042806344,-1.3161686796083054,-0.08842792654022237,9566.9909
0.0,0.0,0.0,0.0,0.0,0.6854858042806344,0.46098413764197216,0.734336259529673,10370.91255
0.0,1.0,0.0,0.0,0.0,0.3300536417586927,-1.709344081654827,-0.08842792654022237,19594.80965
1.0,0.0,0.0,0.0,1.0,1.2541772643157414,2.175228890564807,-0.08842792654022237,11576.13
0.0,0.0,1.0,0.0,0.0,-0.4518971157895793,2.0494127619099194,1.5571004455995683,6360.9936
1.0,0.0,1.0,0.0,0.0,-0.6651564133027443,-1.0645364222985318,-0.08842792654022237,4032.2407
0.0,0.0,0.0,0.0,1.0,-1.3049343058422396,-2.178671351045096,-0.08842792654022237,2585.269
0.0,0.0,0.0,0.0,0.0,1.183090831811353,-0.29391263428734915,-0.9111921126101178,11658.37915
1.0,1.0,0.0,0.0,1.0,-0.02537852076324914,-0.37420319007369135,-0.08842792654022237,21082.16
1.0,0.0,0.0,1.0,0.0,1.1120043993069646,0.3492395496919086,-0.08842792654022237,10807.4863
1.0,0.0,0.0,0.0,1.0,0.8987451017937995,-0.059662868436474295,-0.08842792654022237,9724.53
0.0,0.0,1.0,0.0,0.0,-0.9495021433202978,1.593329295535955,-0.9111921126101178,3201.24515
1.0,0.0,0.0,0.0,0.0,-1.0205885758246862,-0.7814501328250361,-0.08842792654022237,3309.7926
1.0,0.0,0.0,0.0,1.0,0.18788077674991593,-0.6059697428590097,-0.9111921126101178,5969.723
0.0,0.0,0.0,0.0,1.0,0.6143993717762462,-1.2847146474445836,-0.9111921126101178,8269.044
0.0,0.0,0.0,0.0,1.0,0.4722265067674694,0.03966565418580509,1.5571004455995683,9414.92
1.0,1.0,1.0,0.0,0.0,0.8276586692894112,-0.9544473097255053,0.734336259529673,23967.38305
0.0,1.0,0.0,0.0,1.0,1.7517822918464598,0.5363082672972003,-0.08842792654022237,47928.03
0.0,0.0,0.0,0.0,1.0,1.3252636968201297,-0.25831991368103246,-0.9111921126101178,11842.442
0.0,0.0,1.0,0.0,0.0,0.3300536417586927,-0.4826368272696796,-0.9111921126101178,7421.19455
1.0,0.0,1.0,0.0,0.0,1.5385229943332948,1.2945159899805987,-0.9111921126101178,12950.0712
0.0,0.0,1.0,0.0,0.0,0.6143993717762462,1.7663264724364236,2.379864631669464,11033.6617
1.0,0.0,0.0,0.0,1.0,-0.0964649532676375,0.6853010512306199,0.734336259529673,6082.405
0.0,0.0,0.0,0.0,1.0,-0.5229835482939676,1.7448052925349307,-0.9111921126101178,3989.841
0.0,0.0,1.0,0.0,0.0,-0.0964649532676375,-0.05800739305943605,1.5571004455995683,7537.1639
1.0,0.0,0.0,0.0,1.0,-0.9495021433202978,-1.135721863511165,0.734336259529673,3484.331
1.0,0.0,0.0,0.0,1.0,0.6854858042806344,-0.043108114666094204,-0.9111921126101178,8116.68
0.0,0.0,0.0,1.0,0.0,-0.5229835482939676,-1.143999240396355,-0.08842792654022237,17626.23951
0.0,0.0,0.0,0.0,1.0,1.3252636968201297,-0.8874005569554672,-0.9111921126101178,11837.16
0.0,0.0,0.0,0.0,0.0,0.7565722367850228,2.348226067465276,-0.9111921126101178,9541.69555
1.0,0.0,0.0,1.0,0.0,-0.23863781827641423,-0.14243663728837358,-0.9111921126101178,4399.731
0.0,0.0,0.0,0.0,0.0,-1.5181936033554047,-0.3882747307785144,-0.9111921126101178,2200.83085
1.0,0.0,0.0,1.0,0.0,1.3252636968201297,0.9137566532618612,-0.9111921126101178,11363.2832
1.0,0.0,0.0,0.0,1.0,-1.376020738346628,-1.4171526776076226,-0.08842792654022237,1964.78
0.0,0.0,1.0,0.0,0.0,1.5385229943332948,0.09926276775917248,-0.9111921126101178,13429.0354
1.0,0.0,0.0,0.0,1.0,0.4722265067674694,-0.49008646646635023,-0.9111921126101178,24603.04837
0.0,0.0,0.0,1.0,0.0,1.0409179668025763,0.22176794565998317,1.5571004455995683,27322.73386
1.0,1.0,0.0,0.0,0.0,1.1120043993069646,0.02062768734986792,-0.9111921126101178,42303.69215
1.0,1.0,0.0,1.0,0.0,-1.0205885758246862,2.479836359939796,0.734336259529673,42112.2356
1.0,1.0,0.0,1.0,0.0,0.5433129392718578,0.9319668824092789,-0.9111921126101178,41676.0811
0.0,0.0,0.0,1.0,0.0,-0.5229835482939676,-0.16064686643579135,-0.08842792654022237,4562.8421
1.0,0.0,0.0,0.0,0.0,-0.9495021433202978,0.3194409929052249,-0.08842792654022237,3490.5491
0.0,0.0,0.0,1.0,0.0,1.1120043993069646,1.6967965066008293,1.5571004455995683,12485.8009
1.0,0.0,0.0,0.0,0.0,-0.23863781827641423,-0.2781856182054885,1.5571004455995683,6748.5912
0.0,1.0,0.0,1.0,0.0,0.25896720925430433,2.5890977348243034,-0.9111921126101178,45863.205
0.0,0.0,0.0,0.0,1.0,-1.2338478733378513,0.9005128502455576,-0.9111921126101178,2166.732
1.0,0.0,1.0,0.0,0.0,-0.0964649532676375,-0.2152775538780446,0.734336259529673,6457.8434
0.0,0.0,0.0,0.0,1.0,1.0409179668025763,-1.251605139903824,1.5571004455995683,12094.478
1.0,1.0,0.0,1.0,0.0,0.18788077674991593,-0.9801071780695942,-0.9111921126101178,19515.5416
1.0,0.0,0.0,0.0,0.0,-1.376020738346628,-0.07373440914129732,3.202628817739359,4915.05985
1.0,0.0,1.0,0.0,0.0,-1.0205885758246862,-0.4983638433515403,-0.9111921126101178,2523.1695
1.0,0.0,0.0,0.0,0.0,1.2541772643157414,1.7191454241908417,-0.9111921126101178,11566.30055
1.0,0.0,0.0,0.0,0.0,-1.0205885758246862,-0.9229932775617838,0.734336259529673,23241.47453
1.0,0.0,0.0,1.0,0.0,-0.5229835482939676,-0.08780594984611975,-0.08842792654022237,4074.4537
1.0,0.0,0.0,0.0,0.0,0.04570791174113922,0.5868002662968588,-0.08842792654022237,6600.20595
1.0,0.0,0.0,0.0,1.0,-1.4471071708510164,-1.632364476622561,-0.9111921126101178,1242.816
1.0,1.0,0.0,1.0,0.0,-0.30972425078080257,-1.0165276363644298,1.5571004455995683,19361.9988
1.0,0.0,0.0,0.0,0.0,0.401140074263081,-1.158898518789697,0.734336259529673,8603.8234
0.0,0.0,0.0,0.0,1.0,-0.4518971157895793,1.3806007095865733,1.5571004455995683,5972.378
0.0,0.0,0.0,1.0,0.0,-0.8073292783115211,0.4220804662815796,-0.9111921126101178,3171.6149
0.0,0.0,0.0,0.0,1.0,-0.4518971157895793,0.38731548336378174,0.734336259529673,5375.038
0.0,0.0,0.0,1.0,0.0,1.2541772643157414,-0.7980048865954161,0.734336259529673,12629.1656
1.0,1.0,0.0,0.0,1.0,-0.4518971157895793,-0.5728602353182496,-0.08842792654022237,19040.876
0.0,0.0,0.0,1.0,0.0,0.3300536417586927,-0.12422640814095584,0.734336259529673,8219.2039
0.0,0.0,0.0,0.0,1.0,0.401140074263081,0.7846295738528981,-0.9111921126101178,7348.142
0.0,0.0,0.0,0.0,0.0,-0.594069980798356,0.08353575167731181,-0.9111921126101178,4347.02335
0.0,0.0,0.0,0.0,0.0,-0.38081068328519097,-1.9137952907190183,1.5571004455995683,6753.038
0.0,0.0,0.0,0.0,1.0,-1.0916750083290745,-1.317824154985343,-0.9111921126101178,2457.502
0.0,0.0,0.0,1.0,0.0,-0.0964649532676375,0.021455425038387335,-0.08842792654022237,5976.8311
1.0,0.0,0.0,1.0,0.0,0.25896720925430433,0.7862850492299369,0.734336259529673,18806.14547
0.0,0.0,0.0,0.0,1.0,1.183090831811353,-0.8708458031850871,-0.9111921126101178,11070.535
1.0,0.0,0.0,0.0,1.0,0.9698315342981879,-1.516481200229902,-0.08842792654022237,10065.413
0.0,0.0,0.0,0.0,0.0,-0.9495021433202978,-0.15236948955060128,2.379864631669464,24671.66334
1.0,0.0,0.0,1.0,0.0,-1.162761440833463,0.33102932054449086,-0.9111921126101178,1824.2854
0.0,0.0,0.0,0.0,0.0,0.25896720925430433,-0.9072662614799232,-0.9111921126101178,7325.0482
1.0,1.0,0.0,0.0,1.0,-0.02537852076324914,0.7846295738528981,0.734336259529673,40103.89
0.0,1.0,1.0,0.0,0.0,0.401140074263081,-0.010826344813853434,-0.08842792654022237,39725.51805
0.0,0.0,0.0,0.0,1.0,-1.4471071708510164,0.38731548336378174,-0.9111921126101178,1748.774
1.0,1.0,0.0,0.0,1.0,1.4674365618289065,1.5461482472903718,-0.9111921126101178,48173.361
1.0,1.0,0.0,0.0,1.0,-1.2338478733378513,0.8342938351640384,-0.9111921126101178,35585.576
0.0,0.0,0.0,0.0,1.0,1.1120043993069646,-0.6225244966293892,-0.08842792654022237,35160.13457
1.0,0.0,0.0,0.0,1.0,-1.4471071708510164,0.8011843276232782,-0.9111921126101178,1263.249
1.0,0.0,0.0,1.0,0.0,1.6096094268376833,1.551114673421486,-0.9111921126101178,12982.8747
1.0,0.0,0.0,0.0,1.0,-1.4471071708510164,0.5859725286083405,-0.9111921126101178,1261.442
1.0,0.0,0.0,0.0,1.0,0.7565722367850228,-0.6556340041701488,-0.9111921126101178,8444.474
1.0,1.0,0.0,1.0,0.0,-1.0205885758246862,0.4585009245764151,0.734336259529673,36124.5737
1.0,0.0,0.0,1.0,0.0,1.6806958593420716,0.5131316120186683,1.5571004455995683,15161.5344
1.0,0.0,1.0,0.0,0.0,0.7565722367850228,0.06780873559545054,1.5571004455995683,10600.5483
1.0,0.0,1.0,0.0,0.0,0.04570791174113922,-0.19955053779618392,-0.08842792654022237,6393.60345
1.0,0.0,1.0,0.0,0.0,1.3963501293245182,-0.29391263428734915,-0.9111921126101178,12129.61415
0.0,0.0,0.0,0.0,0.0,-1.162761440833463,-1.0488094062166704,0.734336259529673,22395.74424
1.0,0.0,1.0,0.0,0.0,0.4722265067674694,1.6247833276996764,0.734336259529673,8733.22925
1.0,0.0,1.0,0.0,0.0,-0.4518971157895793,-1.3004416635264449,-0.9111921126101178,21984.47061
0.0,0.0,0.0,0.0,1.0,1.1120043993069646,-0.14243663728837358,0.734336259529673,11881.358
0.0,0.0,1.0,0.0,0.0,0.7565722367850228,-0.07373440914129732,-0.08842792654022237,9910.35985
0.0,0.0,0.0,0.0,0.0,-0.23863781827641423,-1.3948037600176095,1.5571004455995683,7228.21565
1.0,0.0,0.0,1.0,0.0,-1.162761440833463,3.2810864424261816,-0.08842792654022237,2438.0552
0.0,0.0,1.0,0.0,0.0,-0.5229835482939676,-0.13664247346874062,-0.9111921126101178,4357.04365
1.0,0.0,1.0,0.0,0.0,0.25896720925430433,-0.07373440914129732,1.5571004455995683,8410.04685
1.0,0.0,0.0,0.0,1.0,-0.0964649532676375,0.07277516172656469,-0.08842792654022237,5488.262
0.0,1.0,0.0,0.0,0.0,-0.02537852076324914,-0.9387202936436445,1.5571004455995683,21659.9301
0.0,0.0,1.0,0.0,0.0,1.1120043993069646,0.49243816980569355,0.734336259529673,12269.68865
1.0,0.0,1.0,0.0,0.0,-1.376020738346628,-0.13664247346874062,-0.9111921126101178,1769.53165
1.0,1.0,0.0,0.0,0.0,0.11679434424552758,0.03635470343172918,1.5571004455995683,39597.4072
0.0,1.0,0.0,0.0,1.0,-0.8784157108159095,0.13899417680808387,-0.9111921126101178,34838.873
1.0,0.0,0.0,0.0,0.0,-0.9495021433202978,-0.18382352171432323,-0.9111921126101178,2897.3235
1.0,0.0,0.0,1.0,0.0,-1.5181936033554047,2.0610010895491855,-0.9111921126101178,1149.3959
0.0,1.0,0.0,0.0,1.0,-0.02537852076324914,-2.0296785671116773,3.202628817739359,19023.26
1.0,0.0,0.0,0.0,0.0,-0.5229835482939676,1.1215188130801288,-0.08842792654022237,4667.60765
1.0,0.0,1.0,0.0,0.0,1.2541772643157414,0.5081651858875553,-0.08842792654022237,11945.1327
0.0,0.0,1.0,0.0,0.0,1.0409179668025763,-0.9859013418892272,1.5571004455995683,12479.70895
0.0,0.0,0.0,1.0,0.0,-0.594069980798356,-0.7980048865954161,-0.9111921126101178,3756.6216
0.0,0.0,0.0,0.0,1.0,0.11679434424552758,0.17210368434884407,-0.9111921126101178,6186.127
1.0,0.0,0.0,0.0,1.0,0.6143993717762462,-0.059662868436474295,0.734336259529673,8968.33
1.0,0.0,1.0,0.0,0.0,-1.3049343058422396,1.0428837326708242,-0.9111921126101178,1917.3184
1.0,0.0,0.0,0.0,1.0,-1.0916750083290745,-0.20865565236989278,-0.9111921126101178,1977.815
0.0,0.0,1.0,0.0,0.0,-1.162761440833463,0.7283434110336072,1.5571004455995683,4466.6214
0.0,0.0,1.0,0.0,0.0,-1.4471071708510164,0.9957026844252422,-0.9111921126101178,2136.88225
1.0,0.0,0.0,0.0,0.0,-1.0205885758246862,0.004900671268007243,-0.9111921126101178,2727.3951
1.0,1.0,1.0,0.0,0.0,0.5433129392718578,-0.3882747307785144,1.5571004455995683,24915.22085
0.0,0.0,0.0,0.0,0.0,0.3300536417586927,0.9799756683433803,-0.9111921126101178,12797.20962
1.0,1.0,0.0,0.0,1.0,-0.16755138577202586,0.5859725286083405,2.379864631669464,40182.246
0.0,1.0,1.0,0.0,0.0,-1.2338478733378513,-0.0265533608957147,-0.9111921126101178,33907.548
1.0,0.0,0.0,0.0,1.0,1.5385229943332948,2.1255646292536667,-0.9111921126101178,12574.049
0.0,0.0,0.0,1.0,0.0,1.3252636968201297,1.8788987980750067,-0.9111921126101178,24227.33724
1.0,0.0,1.0,0.0,0.0,-0.7362428458071327,0.19362486425033773,0.734336259529673,4433.3877
0.0,0.0,0.0,1.0,0.0,0.9698315342981879,1.4964839859792327,-0.08842792654022237,10579.711
1.0,0.0,0.0,0.0,1.0,0.18788077674991593,0.8674033427047974,0.734336259529673,7160.094
0.0,0.0,1.0,0.0,0.0,0.8987451017937995,0.19362486425033773,0.734336259529673,11187.6567
0.0,0.0,0.0,0.0,1.0,1.5385229943332948,1.4137102171273335,0.734336259529673,14235.072
1.0,0.0,0.0,0.0,0.0,0.9698315342981879,-0.010826344813853434,-0.9111921126101178,10072.05505
1.0,0.0,1.0,0.0,0.0,0.04570791174113922,-0.7028150524157315,-0.08842792654022237,6389.37785
0.0,0.0,0.0,0.0,0.0,0.8276586692894112,1.6719643759452585,-0.9111921126101178,9875.6804
1.0,0.0,1.0,0.0,0.0,0.04570791174113922,0.052081719513589864,2.379864631669464,8162.71625
1.0,0.0,0.0,0.0,1.0,-1.162761440833463,0.6356367899194796,-0.9111921126101178,1826.843
1.0,0.0,0.0,0.0,1.0,0.9698315342981879,0.9170676040159377,-0.08842792654022237,10085.846
0.0,0.0,1.0,0.0,0.0,-0.4518971157895793,-0.6399069880882882,-0.9111921126101178,4571.41305
0.0,0.0,1.0,0.0,0.0,0.6143993717762462,-0.2781856182054885,-0.08842792654022237,9249.4952
0.0,0.0,0.0,0.0,0.0,1.6096094268376833,1.0428837326708242,-0.08842792654022237,31620.00106
1.0,0.0,0.0,0.0,0.0,-1.5181936033554047,-0.8443581971524793,-0.9111921126101178,1708.0014
1.0,0.0,0.0,1.0,0.0,0.9698315342981879,-0.17885709558320909,-0.9111921126101178,9487.6442
0.0,1.0,0.0,1.0,0.0,-1.5181936033554047,-0.5430616785315658,1.5571004455995683,18223.4512
1.0,0.0,1.0,0.0,0.0,1.4674365618289065,-1.0330823901348098,-0.9111921126101178,12523.6048
1.0,1.0,0.0,1.0,0.0,1.3963501293245182,1.7514271940430823,-0.08842792654022237,48970.2476
0.0,1.0,0.0,1.0,0.0,-0.16755138577202586,1.2961714653576364,-0.9111921126101178,40419.0191
1.0,0.0,0.0,0.0,0.0,0.4722265067674694,1.4675131668810673,-0.08842792654022237,8342.90875
1.0,0.0,1.0,0.0,0.0,-0.30972425078080257,-2.102519483701349,-0.08842792654022237,5116.5004
0.0,1.0,0.0,1.0,0.0,-1.162761440833463,0.36744977883932634,0.734336259529673,36021.0112
1.0,0.0,0.0,0.0,1.0,-1.4471071708510164,-1.7813572605559793,-0.9111921126101178,1241.565
0.0,1.0,0.0,1.0,0.0,-1.5181936033554047,1.9335294855172611,-0.9111921126101178,38792.6856
1.0,0.0,0.0,0.0,0.0,0.7565722367850228,-0.5140908594334016,-0.08842792654022237,9617.66245
0.0,0.0,0.0,0.0,0.0,-1.0205885758246862,-1.1746255348715577,-0.9111921126101178,3206.49135
0.0,1.0,0.0,0.0,1.0,-1.4471071708510164,-1.4668169389187622,-0.9111921126101178,13844.506
1.0,0.0,0.0,1.0,0.0,-0.8073292783115211,0.40387023713416187,1.5571004455995683,4449.462
0.0,0.0,0.0,1.0,0.0,0.4722265067674694,0.4767111537238328,-0.08842792654022237,8240.5896
0.0,0.0,0.0,0.0,1.0,-1.4471071708510164,-0.9701743258073665,-0.9111921126101178,1737.376
1.0,0.0,0.0,0.0,0.0,-1.0916750083290745,0.5081651858875553,2.379864631669464,17128.42608
1.0,0.0,1.0,0.0,0.0,-0.594069980798356,0.08353575167731181,1.5571004455995683,5425.02335
0.0,0.0,0.0,0.0,1.0,0.11679434424552758,1.0826151417197363,0.734336259529673,7371.772
0.0,0.0,0.0,0.0,0.0,-1.0205885758246862,-0.3253666664510711,-0.9111921126101178,3213.62205
0.0,0.0,1.0,0.0,0.0,1.1120043993069646,0.36662204115080693,0.734336259529673,12268.63225
0.0,0.0,0.0,1.0,0.0,0.401140074263081,0.20355771651256543,-0.9111921126101178,17929.30337
0.0,1.0,1.0,0.0,0.0,0.4722265067674694,-1.1431715027078357,-0.08842792654022237,21677.28345
0.0,0.0,0.0,0.0,0.0,1.5385229943332948,0.8856135718522151,-0.9111921126101178,13635.6379
1.0,0.0,0.0,1.0,0.0,0.18788077674991593,-0.9436867197747587,-0.9111921126101178,5966.8874
1.0,0.0,1.0,0.0,0.0,-0.4518971157895793,-0.9859013418892272,0.734336259529673,5257.50795
0.0,0.0,1.0,0.0,0.0,0.6854858042806344,-1.2218065831171403,0.734336259529673,10156.7832
1.0,1.0,1.0,0.0,0.0,1.183090831811353,0.5081651858875553,-0.9111921126101178,43921.1837
0.0,0.0,0.0,1.0,0.0,1.3963501293245182,-0.4702207619418948,1.5571004455995683,14001.1338
1.0,0.0,0.0,1.0,0.0,1.4674365618289065,-0.7980048865954161,-0.9111921126101178,12142.5786
0.0,0.0,1.0,0.0,0.0,-0.8073292783115211,0.6968893788698859,-0.9111921126101178,3556.9223
0.0,0.0,0.0,0.0,1.0,-1.4471071708510164,-0.3576484363033119,-0.08842792654022237,2331.519
1.0,0.0,0.0,0.0,1.0,0.401140074263081,-0.5066412202367303,1.5571004455995683,8615.3
1.0,1.0,1.0,0.0,0.0,1.3252636968201297,1.058610748752685,0.734336259529673,47496.49445
0.0,0.0,0.0,0.0,0.0,1.3252636968201297,0.3980760733145295,-0.9111921126101178,12430.95335
0.0,0.0,0.0,1.0,0.0,-0.38081068328519097,-0.6341128242686552,-0.08842792654022237,5002.7827
1.0,0.0,0.0,0.0,1.0,0.3300536417586927,1.0826151417197363,0.734336259529673,7740.337
1.0,1.0,0.0,1.0,0.0,0.11679434424552758,0.859125965819608,-0.08842792654022237,40273.6455
1.0,0.0,0.0,1.0,0.0,-1.5181936033554047,0.4585009245764151,-0.9111921126101178,1135.9407
0.0,0.0,0.0,0.0,1.0,0.9698315342981879,-0.407312697614451,1.5571004455995683,11741.726
1.0,0.0,0.0,0.0,1.0,1.3252636968201297,1.2316079256531547,-0.9111921126101178,11365.952
0.0,0.0,0.0,0.0,0.0,0.401140074263081,1.5618752633722326,1.5571004455995683,9704.66805
1.0,0.0,0.0,0.0,1.0,1.1120043993069646,1.1157246492604953,-0.9111921126101178,20630.28351
0.0,1.0,0.0,0.0,0.0,-0.7362428458071327,-1.441984808263192,-0.9111921126101178,16115.3045
0.0,0.0,0.0,1.0,0.0,-0.0964649532676375,1.1869100904731287,-0.9111921126101178,5397.6167
1.0,0.0,0.0,1.0,0.0,-1.5181936033554047,-0.7251639700057445,0.734336259529673,2304.0022
1.0,0.0,0.0,0.0,1.0,1.2541772643157414,-1.135721863511165,-0.9111921126101178,10959.33
1.0,1.0,0.0,0.0,0.0,-0.02537852076324914,-0.6870880363338708,-0.9111921126101178,20149.3229
1.0,0.0,0.0,1.0,0.0,-0.16755138577202586,0.9319668824092789,-0.9111921126101178,19214.70553
0.0,1.0,0.0,1.0,0.0,-0.6651564133027443,-0.3609593870573878,-0.08842792654022237,19521.9682
0.0,1.0,0.0,0.0,0.0,0.8276586692894112,0.7283434110336072,0.734336259529673,44641.1974
1.0,0.0,0.0,0.0,1.0,0.7565722367850228,0.2879869607415024,0.734336259529673,9630.397
0.0,0.0,1.0,0.0,0.0,-0.16755138577202586,0.5868002662968588,-0.08842792654022237,6112.35295
1.0,0.0,0.0,0.0,0.0,0.25896720925430433,-0.5298178755152623,1.5571004455995683,8606.2174
1.0,1.0,0.0,0.0,0.0,1.3963501293245182,-0.12091545738687993,1.5571004455995683,30184.9367
1.0,1.0,0.0,0.0,1.0,1.4674365618289065,0.37076072959340167,-0.9111921126101178,52590.82939
1.0,0.0,0.0,1.0,0.0,-1.5181936033554047,0.6406032160505938,-0.9111921126101178,1137.4697
0.0,1.0,0.0,0.0,0.0,0.04570791174113922,-0.40400174686037504,-0.08842792654022237,22331.5668
0.0,0.0,0.0,1.0,0.0,-1.5181936033554047,-1.617465198229219,-0.9111921126101178,1607.5101
1.0,0.0,0.0,0.0,0.0,-0.594069980798356,0.052081719513589864,-0.9111921126101178,3857.75925
0.0,1.0,0.0,1.0,0.0,1.1120043993069646,0.7680748200825191,-0.9111921126101178,44423.803
1.0,0.0,0.0,0.0,0.0,0.5433129392718578,-1.8823412585552963,-0.08842792654022237,8627.5411
1.0,0.0,0.0,0.0,0.0,-1.2338478733378513,-1.7565251299004097,1.5571004455995683,4005.4225
1.0,0.0,1.0,0.0,0.0,1.0409179668025763,0.5081651858875553,-0.08842792654022237,10825.2537
0.0,0.0,1.0,0.0,0.0,0.7565722367850228,-0.7185420684975927,0.734336259529673,10493.9458
0.0,0.0,0.0,0.0,0.0,-0.6651564133027443,-1.4262577921813315,-0.08842792654022237,4718.20355
1.0,0.0,0.0,0.0,1.0,0.4722265067674694,-1.3674884162964829,-0.9111921126101178,7147.105
0.0,0.0,0.0,1.0,0.0,1.0409179668025763,0.11250657077547609,-0.9111921126101178,10338.9316
1.0,0.0,0.0,0.0,0.0,-0.8073292783115211,-0.2152775538780446,0.734336259529673,4438.2634
1.0,1.0,1.0,0.0,0.0,0.6854858042806344,-0.7814501328250361,0.734336259529673,23807.2406
1.0,0.0,0.0,1.0,0.0,-0.7362428458071327,1.387222611094725,-0.08842792654022237,3471.4096
0.0,0.0,1.0,0.0,0.0,0.8276586692894112,1.011429700507103,0.734336259529673,10848.1343
0.0,0.0,0.0,1.0,0.0,0.7565722367850228,-1.1622094695437728,0.734336259529673,10107.2206
0.0,1.0,0.0,0.0,1.0,-0.5229835482939676,-0.986729079577746,-0.9111921126101178,17496.306
0.0,0.0,1.0,0.0,0.0,0.3300536417586927,-0.6870880363338708,-0.9111921126101178,7419.4779
1.0,0.0,1.0,0.0,0.0,-1.2338478733378513,-0.891539245398062,-0.9111921126101178,2045.68525
1.0,0.0,1.0,0.0,0.0,0.6143993717762462,0.2879869607415024,-0.08842792654022237,8765.249
1.0,0.0,0.0,0.0,0.0,-0.594069980798356,-0.6084529559245663,-0.08842792654022237,4441.21315
1.0,0.0,0.0,1.0,0.0,0.8987451017937995,2.8440409428881535,-0.08842792654022237,9748.9106
0.0,0.0,0.0,0.0,1.0,0.3300536417586927,-0.7880720343331878,-0.08842792654022237,7624.63
0.0,0.0,0.0,1.0,0.0,-1.376020738346628,0.20355771651256543,0.734336259529673,3056.3881
0.0,0.0,0.0,1.0,0.0,0.18788077674991593,-0.17885709558320909,0.734336259529673,7640.3092
1.0,0.0,1.0,0.0,0.0,1.6806958593420716,1.7820534885182855,1.5571004455995683,15555.18875
1.0,0.0,0.0,0.0,0.0,0.5433129392718578,-0.3882747307785144,2.379864631669464,10407.08585
1.0,0.0,0.0,0.0,1.0,-1.4471071708510164,-1.5992549690818012,-0.08842792654022237,1832.094
0.0,0.0,0.0,1.0,0.0,-0.6651564133027443,0.4585009245764151,-0.08842792654022237,4151.0287
1.0,0.0,1.0,0.0,0.0,0.18788077674991593,0.11498978384103316,-0.9111921126101178,6358.77645
0.0,0.0,0.0,0.0,1.0,-0.0964649532676375,-0.42386745138483106,1.5571004455995683,7151.092
0.0,0.0,0.0,0.0,0.0,0.25896720925430433,0.8541595396884938,0.734336259529673,19144.57652
1.0,0.0,0.0,1.0,0.0,1.1120043993069646,1.2779612362102186,-0.9111921126101178,10226.2842
1.0,1.0,0.0,0.0,1.0,0.3300536417586927,-0.059662868436474295,0.734336259529673,38998.546
0.0,0.0,0.0,1.0,0.0,-1.5181936033554047,1.6057453608637393,-0.9111921126101178,1634.5734
1.0,1.0,0.0,0.0,1.0,-1.0916750083290745,0.35420597582302277,-0.9111921126101178,34472.841
1.0,0.0,0.0,1.0,0.0,-1.5181936033554047,-1.216840156986026,-0.9111921126101178,1121.8739
0.0,1.0,0.0,0.0,0.0,0.4722265067674694,0.8227055075247725,-0.9111921126101178,42111.6647
0.0,1.0,1.0,0.0,0.0,-1.4471071708510164,-0.08946142522315799,-0.9111921126101178,33307.5508
0.0,0.0,1.0,0.0,0.0,0.5433129392718578,-0.16809650563246198,-0.08842792654022237,8930.93455
0.0,0.0,0.0,0.0,1.0,0.8987451017937995,0.45353449844530097,0.734336259529673,10806.839
0.0,0.0,0.0,1.0,0.0,1.183090831811353,1.1504896321782931,0.734336259529673,12265.5069
0.0,0.0,0.0,1.0,0.0,-1.0205885758246862,0.5677622994609228,-0.08842792654022237,3227.1211
0.0,0.0,1.0,0.0,0.0,-0.9495021433202978,-1.3161686796083054,-0.9111921126101178,3176.8159
0.0,1.0,0.0,1.0,0.0,0.04570791174113922,-1.3807322193127871,0.734336259529673,19444.2658
0.0,0.0,1.0,0.0,0.0,0.6143993717762462,0.9957026844252422,-0.9111921126101178,8671.19125
0.0,0.0,0.0,0.0,1.0,-0.02537852076324914,0.5859725286083405,1.5571004455995683,7418.522
1.0,0.0,1.0,0.0,0.0,-0.7362428458071327,0.46098413764197216,0.734336259529673,19442.3535
1.0,1.0,0.0,0.0,0.0,0.25896720925430433,0.7283434110336072,-0.08842792654022237,41034.2214
1.0,0.0,1.0,0.0,0.0,1.2541772643157414,0.16217083208661578,-0.9111921126101178,11353.2276
1.0,0.0,0.0,0.0,0.0,-0.7362428458071327,-0.2624586021236272,-0.08842792654022237,4040.55825
0.0,0.0,0.0,0.0,0.0,-1.5181936033554047,1.593329295535955,-0.9111921126101178,2217.46915
1.0,0.0,0.0,0.0,1.0,0.25896720925430433,-1.2184956323630645,-0.9111921126101178,6250.435
1.0,0.0,0.0,0.0,0.0,-0.594069980798356,-0.34109368253293176,3.202628817739359,6799.458
0.0,1.0,0.0,0.0,1.0,1.7517822918464598,0.12243942303770437,0.734336259529673,47291.055
1.0,1.0,1.0,0.0,0.0,1.4674365618289065,0.13071679992289442,1.5571004455995683,46130.5265
1.0,0.0,1.0,0.0,0.0,1.6806958593420716,-0.3725477146966537,-0.9111921126101178,13770.0979
1.0,1.0,0.0,0.0,1.0,1.5385229943332948,0.9501771115566967,-0.08842792654022237,47403.88
0.0,0.0,0.0,0.0,1.0,0.04570791174113922,-0.1589913910587531,-0.9111921126101178,5910.944
0.0,0.0,0.0,0.0,1.0,0.401140074263081,0.42042499090454194,-0.9111921126101178,7345.084
1.0,1.0,0.0,0.0,0.0,-0.02537852076324914,-0.10518844130501867,-0.08842792654022237,22462.04375
0.0,0.0,0.0,0.0,0.0,0.7565722367850228,-0.5769989237608448,-0.08842792654022237,10106.13425
0.0,1.0,0.0,1.0,0.0,1.2541772643157414,-0.12422640814095584,-0.9111921126101178,27533.9129
1.0,0.0,0.0,1.0,0.0,-1.3049343058422396,0.8227055075247725,-0.9111921126101178,1532.4697
0.0,1.0,0.0,0.0,1.0,-0.16755138577202586,0.7018558050009989,0.734336259529673,39836.519
1.0,1.0,0.0,0.0,0.0,1.6096094268376833,0.24080591249592034,-0.9111921126101178,45710.20785
1.0,1.0,0.0,1.0,0.0,-1.2338478733378513,1.168699861325711,-0.08842792654022237,37165.1638
0.0,0.0,1.0,0.0,0.0,1.2541772643157414,-0.010826344813853434,-0.9111921126101178,11840.77505
0.0,0.0,1.0,0.0,0.0,-0.02537852076324914,-0.7028150524157315,0.734336259529673,7201.70085
0.0,0.0,0.0,0.0,1.0,1.5385229943332948,-0.3907579438440715,-0.9111921126101178,13041.921
1.0,0.0,0.0,0.0,0.0,-1.2338478733378513,0.19362486425033773,-0.9111921126101178,2254.7967
0.0,1.0,0.0,0.0,0.0,-0.7362428458071327,-1.4577118243450533,-0.08842792654022237,16657.71745
1.0,1.0,0.0,1.0,0.0,-0.16755138577202586,1.077648715588622,-0.08842792654022237,39871.7043
1.0,0.0,0.0,0.0,1.0,-0.594069980798356,-1.6820287379337004,-0.9111921126101178,3260.199
1.0,0.0,0.0,0.0,1.0,-0.5229835482939676,0.7680748200825191,0.734336259529673,4670.64
1.0,1.0,0.0,0.0,1.0,-1.376020738346628,1.4633744784384726,0.734336259529673,38344.566
1.0,1.0,0.0,0.0,0.0,-0.4518971157895793,-0.9544473097255053,-0.9111921126101178,17904.52705
0.0,0.0,0.0,0.0,1.0,-0.38081068328519097,-0.5066412202367303,-0.08842792654022237,5003.853
1.0,1.0,0.0,0.0,1.0,-0.6651564133027443,1.1984984181123945,0.734336259529673,39241.442
1.0,0.0,0.0,0.0,1.0,0.6854858042806344,-0.3079841749921722,-0.08842792654022237,8703.456
1.0,0.0,0.0,0.0,0.0,0.8276586692894112,0.2879869607415024,-0.08842792654022237,9964.06
1.0,0.0,1.0,0.0,0.0,1.7517822918464598,-0.9701743258073665,-0.08842792654022237,30166.61817
1.0,1.0,0.0,0.0,0.0,1.0409179668025763,1.6562373598633977,1.5571004455995683,48549.17835
0.0,0.0,1.0,0.0,0.0,-1.0916750083290745,-1.0488094062166704,-0.9111921126101178,2842.76075
1.0,1.0,1.0,0.0,0.0,-1.4471071708510164,-0.24673158604176654,-0.9111921126101178,17352.6803
1.0,1.0,0.0,0.0,1.0,-1.4471071708510164,0.7018558050009989,-0.9111921126101178,34779.615
0.0,0.0,0.0,1.0,0.0,-0.7362428458071327,1.3690123819473072,1.5571004455995683,5138.2567
1.0,1.0,0.0,0.0,0.0,-1.0916750083290745,-0.12091545738687993,-0.9111921126101178,18648.4217
1.0,1.0,0.0,0.0,1.0,-0.9495021433202978,0.38731548336378174,0.734336259529673,36085.219
0.0,0.0,0.0,1.0,0.0,0.6854858042806344,-0.5612719076789836,-0.9111921126101178,8601.3293
1.0,1.0,0.0,1.0,0.0,0.25896720925430433,-1.726726573113726,0.734336259529673,18767.7377
1.0,1.0,0.0,0.0,0.0,-1.5181936033554047,-2.196881580192514,0.734336259529673,12829.4551
1.0,0.0,0.0,1.0,0.0,0.3300536417586927,0.622392986903176,-0.08842792654022237,7147.4728
0.0,0.0,1.0,0.0,0.0,1.4674365618289065,-0.7814501328250361,-0.9111921126101178,28923.13692
1.0,0.0,0.0,0.0,1.0,-0.30972425078080257,1.3309364482754342,-0.08842792654022237,4762.329
0.0,0.0,0.0,0.0,0.0,1.1120043993069646,-0.8600852132343406,1.5571004455995683,13047.33235
0.0,1.0,0.0,0.0,0.0,-1.3049343058422396,-1.441984808263192,-0.08842792654022237,15359.1045
0.0,0.0,1.0,0.0,0.0,-1.0916750083290745,-0.05800739305943605,1.5571004455995683,4618.0799
0.0,0.0,0.0,0.0,1.0,0.9698315342981879,-0.6390792503997693,0.734336259529673,11150.78
1.0,0.0,0.0,1.0,0.0,1.2541772643157414,1.623955590011157,-0.9111921126101178,10982.5013
1.0,0.0,0.0,1.0,0.0,-0.38081068328519097,0.6041827577557582,-0.9111921126101178,3935.1799
0.0,0.0,0.0,1.0,0.0,0.6854858042806344,1.0048077989989512,1.5571004455995683,10381.4787
0.0,0.0,0.0,1.0,0.0,0.401140074263081,-0.4520105327944771,0.734336259529673,8515.7587
1.0,1.0,1.0,0.0,0.0,-0.6651564133027443,-0.3096396503692098,1.5571004455995683,20745.9891
1.0,0.0,0.0,0.0,0.0,0.25896720925430433,-0.7499961006613141,-0.9111921126101178,6837.3687
0.0,0.0,1.0,0.0,0.0,1.3252636968201297,-0.3882747307785144,-0.9111921126101178,12224.35085
1.0,0.0,0.0,1.0,0.0,0.9698315342981879,0.13071679992289442,-0.9111921126101178,27346.04207
1.0,0.0,0.0,0.0,1.0,1.0409179668025763,-0.22521040614027288,-0.08842792654022237,10436.096
1.0,1.0,0.0,0.0,1.0,-1.4471071708510164,0.7184105587713789,-0.9111921126101178,34828.654
0.0,0.0,0.0,0.0,0.0,-0.02537852076324914,-1.2847146474445836,1.5571004455995683,7985.815
1.0,0.0,0.0,0.0,1.0,0.8276586692894112,-0.8542910494147076,-0.9111921126101178,8782.469
1.0,1.0,0.0,0.0,1.0,-1.0205885758246862,-0.14243663728837358,1.5571004455995683,19933.458
1.0,0.0,0.0,0.0,1.0,1.6096094268376833,1.1322794030308754,-0.9111921126101178,12979.358
0.0,0.0,0.0,0.0,1.0,-1.162761440833463,0.47008925221568104,-0.9111921126101178,10795.93733
0.0,0.0,1.0,0.0,0.0,-0.16755138577202586,-0.46690981118781893,1.5571004455995683,7281.5056
1.0,1.0,0.0,0.0,0.0,1.2541772643157414,-0.2624586021236272,-0.9111921126101178,27218.43725
0.0,1.0,1.0,0.0,0.0,0.04570791174113922,0.36662204115080693,0.734336259529673,40003.33225
1.0,0.0,0.0,0.0,0.0,-1.5181936033554047,-1.2375335991990009,-0.9111921126101178,1704.70015
1.0,0.0,1.0,0.0,0.0,0.5433129392718578,-0.12091545738687993,1.5571004455995683,9620.3307
1.0,0.0,0.0,0.0,1.0,0.8987451017937995,1.016396126638217,-0.9111921126101178,9144.565
1.0,0.0,0.0,0.0,1.0,0.25896720925430433,-0.0762176222068538,-0.08842792654022237,6849.026
0.0,0.0,0.0,0.0,0.0,-0.16755138577202586,-2.196881580192514,0.734336259529673,6877.9801
0.0,0.0,0.0,1.0,0.0,0.7565722367850228,2.570887505676886,-0.08842792654022237,9549.5651
1.0,0.0,1.0,0.0,0.0,0.8276586692894112,-1.017355374052949,2.379864631669464,11520.09985
0.0,0.0,1.0,0.0,0.0,-0.8784157108159095,-1.504892872590636,-0.9111921126101178,3353.4703
0.0,0.0,0.0,0.0,0.0,0.18788077674991593,0.4295301054782508,-0.08842792654022237,7639.41745
1.0,0.0,0.0,0.0,0.0,0.4722265067674694,-0.9544473097255053,1.5571004455995683,9500.57305
0.0,0.0,0.0,1.0,0.0,-0.594069980798356,-0.6523230534160729,-0.9111921126101178,3757.8448
1.0,1.0,0.0,1.0,0.0,-0.38081068328519097,-0.8708458031850871,0.734336259529673,18972.495
0.0,0.0,0.0,1.0,0.0,-1.5181936033554047,0.5495520703135051,-0.9111921126101178,11482.63485
1.0,0.0,0.0,0.0,1.0,0.8987451017937995,1.3309364482754342,0.734336259529673,10325.206
1.0,0.0,0.0,1.0,0.0,1.0409179668025763,-1.581044739934383,0.734336259529673,11013.7119
1.0,0.0,0.0,1.0,0.0,-0.5229835482939676,1.0958589447360398,0.734336259529673,4673.3922
1.0,0.0,0.0,1.0,0.0,-0.30972425078080257,-0.4884309910893126,-0.08842792654022237,4747.0529
0.0,0.0,1.0,0.0,0.0,-0.594069980798356,0.35089502506894626,-0.08842792654022237,4738.2682
0.0,0.0,0.0,0.0,0.0,1.6096094268376833,0.19362486425033773,-0.9111921126101178,14043.4767
1.0,0.0,1.0,0.0,0.0,0.3300536417586927,-0.8600852132343406,-0.08842792654022237,7518.02535
1.0,0.0,0.0,1.0,0.0,-0.8073292783115211,1.241540777915383,-0.9111921126101178,2689.4954
0.0,1.0,0.0,1.0,0.0,1.4674365618289065,0.3128190913970731,-0.9111921126101178,45008.9555
0.0,0.0,0.0,0.0,0.0,0.11679434424552758,0.17789784816847704,-0.08842792654022237,7358.17565
1.0,0.0,0.0,0.0,1.0,-0.8073292783115211,-1.0363933408888857,3.202628817739359,5615.369
1.0,0.0,1.0,0.0,0.0,-1.0916750083290745,-0.34109368253293176,0.734336259529673,3537.703
0.0,0.0,1.0,0.0,0.0,0.11679434424552758,0.3980760733145295,-0.9111921126101178,6571.02435
0.0,0.0,1.0,0.0,0.0,0.9698315342981879,1.1372458291619896,-0.08842792654022237,10959.6947
1.0,1.0,0.0,0.0,0.0,-1.376020738346628,0.02062768734986792,-0.9111921126101178,33475.81715
0.0,0.0,0.0,0.0,0.0,-0.7362428458071327,0.09926276775917248,-0.9111921126101178,3943.5954
1.0,1.0,0.0,1.0,0.0,-1.2338478733378513,1.077648715588622,0.734336259529673,37484.4493
0.0,0.0,0.0,0.0,0.0,-0.4518971157895793,0.948521636179659,1.5571004455995683,6551.7501
0.0,0.0,0.0,0.0,0.0,-0.30972425078080257,-0.7342690845794534,-0.9111921126101178,5227.98875
1.0,0.0,1.0,0.0,0.0,-1.4471071708510164,-0.8286311810706186,-0.9111921126101178,1632.56445
1.0,1.0,1.0,0.0,0.0,-1.376020738346628,0.8384325236066331,1.5571004455995683,37465.34375
1.0,0.0,0.0,1.0,0.0,-0.0964649532676375,-1.5628345107869652,1.5571004455995683,6652.5288
0.0,0.0,0.0,1.0,0.0,-1.0916750083290745,1.478273756831815,-0.9111921126101178,2480.9791
1.0,0.0,1.0,0.0,0.0,-1.3049343058422396,-1.127444486625975,0.734336259529673,3077.0955
1.0,0.0,1.0,0.0,0.0,1.6806958593420716,-1.473438840426914,-0.08842792654022237,14349.8544
0.0,0.0,0.0,1.0,0.0,-0.0964649532676375,-0.26990824132029845,-0.08842792654022237,5974.3847
0.0,0.0,0.0,0.0,0.0,-1.3049343058422396,-1.3948037600176095,-0.9111921126101178,2585.85065
1.0,0.0,0.0,0.0,0.0,0.4722265067674694,0.46098413764197216,-0.08842792654022237,8334.45755
0.0,0.0,0.0,1.0,0.0,1.3252636968201297,1.4054328402421428,-0.9111921126101178,11856.4115
0.0,1.0,0.0,0.0,1.0,-1.4471071708510164,-0.44042220515521113,-0.9111921126101178,16884.924
0.0,0.0,0.0,0.0,0.0,0.6143993717762462,0.2879869607415024,0.734336259529673,10043.249
0.0,0.0,0.0,0.0,1.0,1.1120043993069646,-0.009998607125334605,-0.9111921126101178,10704.47
1.0,1.0,1.0,0.0,0.0,1.5385229943332948,-0.3725477146966537,-0.08842792654022237,28868.6639
0.0,0.0,0.0,0.0,0.0,-1.5181936033554047,-0.042280376977575376,-0.9111921126101178,2203.73595
1.0,0.0,0.0,0.0,1.0,-0.30972425078080257,-0.5728602353182496,-0.08842792654022237,4746.344
1.0,0.0,1.0,0.0,0.0,-0.5229835482939676,-0.4511827951059577,-0.08842792654022237,4454.40265
1.0,0.0,0.0,0.0,0.0,0.3300536417586927,-0.13664247346874062,0.734336259529673,32108.66282
0.0,0.0,0.0,0.0,1.0,0.18788077674991593,-0.25831991368103246,-0.08842792654022237,7050.642
1.0,0.0,0.0,0.0,0.0,-1.5181936033554047,-2.4170598053385657,-0.9111921126101178,1694.7964
1.0,0.0,0.0,0.0,1.0,-0.02537852076324914,-0.1589913910587531,2.379864631669464,7512.267
0.0,0.0,0.0,0.0,0.0,-0.9495021433202978,-0.29391263428734915,-0.9111921126101178,3385.39915
0.0,0.0,0.0,1.0,0.0,0.7565722367850228,-0.39737984535222326,1.5571004455995683,10702.6424
1.0,1.0,0.0,1.0,0.0,1.2541772643157414,1.9153192563698433,-0.08842792654022237,48675.5177
1.0,0.0,0.0,0.0,0.0,-1.376020738346628,1.6405103437815372,-0.9111921126101178,1984.4533
0.0,0.0,0.0,1.0,0.0,-1.3049343058422396,1.478273756831815,-0.9111921126101178,2026.9741
0.0,0.0,0.0,1.0,0.0,-1.5181936033554047,1.0412282572937865,-0.9111921126101178,1629.8335
0.0,0.0,0.0,1.0,0.0,-1.5181936033554047,1.2779612362102186,-0.9111921126101178,1631.8212
1.0,0.0,0.0,0.0,0.0,-0.8073292783115211,-1.3318956956901662,0.734336259529673,4428.88785
0.0,0.0,1.0,0.0,0.0,-1.4471071708510164,0.7597974431973286,-0.9111921126101178,2134.9015
0.0,1.0,0.0,0.0,1.0,1.6806958593420716,0.27143220697112347,0.734336259529673,47305.305
1.0,1.0,0.0,1.0,0.0,-0.8073292783115211,-1.0893685529541013,1.5571004455995683,17663.1442
0.0,0.0,0.0,0.0,0.0,1.5385229943332948,-1.4105307760994708,-0.9111921126101178,13616.3586
1.0,0.0,0.0,0.0,0.0,-0.23863781827641423,-0.4983638433515403,1.5571004455995683,6746.7425
1.0,1.0,0.0,1.0,0.0,1.183090831811353,0.20355771651256543,0.734336259529673,43813.8661
0.0,0.0,0.0,1.0,0.0,-0.8784157108159095,-1.216840156986026,-0.08842792654022237,3561.8889
0.0,1.0,0.0,0.0,1.0,-1.0205885758246862,-0.059662868436474295,-0.9111921126101178,33900.653
1.0,1.0,0.0,0.0,1.0,-0.594069980798356,-0.7715172805628083,1.5571004455995683,19199.944
0.0,0.0,0.0,0.0,1.0,1.6096094268376833,1.4302649708977135,-0.9111921126101178,13470.86
1.0,0.0,0.0,0.0,1.0,0.401140074263081,0.5197535135268213,-0.08842792654022237,7445.918
0.0,0.0,0.0,1.0,0.0,-1.3049343058422396,-1.4353629067550404,0.734336259529673,3180.5101
1.0,0.0,0.0,0.0,0.0,-1.376020738346628,-0.435455779024097,-0.9111921126101178,1967.0227
1.0,0.0,0.0,0.0,1.0,-0.4518971157895793,-0.1921008985995133,2.379864631669464,6059.173
1.0,1.0,0.0,0.0,0.0,0.7565722367850228,0.2879869607415024,-0.08842792654022237,41919.097
1.0,1.0,0.0,1.0,0.0,1.5385229943332948,0.8773361949670258,-0.9111921126101178,46599.1084
1.0,0.0,1.0,0.0,0.0,-0.16755138577202586,-0.15236948955060128,-0.9111921126101178,5028.1466
1.0,0.0,1.0,0.0,0.0,-1.162761440833463,-2.1811545641106527,-0.08842792654022237,2775.19215
1.0,0.0,0.0,1.0,0.0,-1.376020738346628,0.7862850492299369,-0.08842792654022237,27724.28875
0.0,0.0,1.0,0.0,0.0,1.183090831811353,-0.6556340041701488,-0.08842792654022237,12044.342
0.0,1.0,0.0,0.0,1.0,0.7565722367850228,-0.49008646646635023,-0.08842792654022237,24520.264
1.0,0.0,0.0,0.0,0.0,-1.3049343058422396,-0.7971771489068967,0.734336259529673,3279.86855
1.0,0.0,0.0,0.0,0.0,-0.8784157108159095,-1.9295223068008789,1.5571004455995683,4827.90495
0.0,0.0,0.0,0.0,1.0,-0.16755138577202586,-0.1755461448291332,0.734336259529673,6311.952
0.0,0.0,0.0,1.0,0.0,0.6143993717762462,0.09429634162805833,-0.9111921126101178,8280.6227
0.0,0.0,0.0,0.0,1.0,-0.30972425078080257,0.7018558050009989,-0.08842792654022237,5246.047
0.0,0.0,0.0,0.0,1.0,-0.30972425078080257,0.07277516172656469,-0.08842792654022237,5240.765
1.0,0.0,0.0,0.0,1.0,1.183090831811353,-1.4005979238372424,-0.9111921126101178,10577.087
1.0,0.0,0.0,1.0,0.0,0.04570791174113922,-0.9072662614799232,-0.9111921126101178,5415.6612
0.0,0.0,0.0,1.0,0.0,1.5385229943332948,-0.9072662614799232,-0.9111921126101178,24513.09126
1.0,0.0,0.0,1.0,0.0,1.3252636968201297,0.2399781748074009,-0.08842792654022237,11946.6259
1.0,0.0,0.0,1.0,0.0,0.4722265067674694,1.2597510070628009,0.734336259529673,8347.1643
0.0,1.0,1.0,0.0,0.0,-0.38081068328519097,-0.05800739305943605,-0.08842792654022237,43943.8761
0.0,0.0,0.0,1.0,0.0,1.6806958593420716,0.7680748200825191,-0.08842792654022237,14474.675
1.0,0.0,1.0,0.0,0.0,-0.8784157108159095,0.4295301054782508,0.734336259529673,4058.71245
1.0,0.0,1.0,0.0,0.0,-0.02537852076324914,-1.0016283579710878,0.734336259529673,6710.1919
0.0,0.0,0.0,0.0,1.0,-1.0916750083290745,-0.0762176222068538,1.5571004455995683,4234.927
0.0,0.0,0.0,0.0,1.0,0.401140074263081,0.05622040795618459,0.734336259529673,8520.026
1.0,0.0,0.0,0.0,1.0,1.0409179668025763,1.4964839859792327,-0.08842792654022237,10450.552
0.0,0.0,0.0,0.0,1.0,0.9698315342981879,0.8839580964751775,0.734336259529673,11163.568
1.0,0.0,1.0,0.0,0.0,0.8987451017937995,1.0271567165889637,0.734336259529673,26467.09737
1.0,0.0,1.0,0.0,0.0,-1.2338478733378513,-0.3725477146966537,-0.08842792654022237,2639.0429
1.0,0.0,0.0,0.0,1.0,0.9698315342981879,-0.3245389287625517,1.5571004455995683,11253.421
1.0,1.0,0.0,0.0,0.0,-0.23863781827641423,1.8764155850094508,1.5571004455995683,43753.33705
0.0,0.0,0.0,1.0,0.0,-0.594069980798356,1.0048077989989512,0.734336259529673,4949.7587
1.0,0.0,1.0,0.0,0.0,-1.376020738346628,0.3037139768233642,-0.08842792654022237,2362.22905
1.0,0.0,0.0,1.0,0.0,-0.7362428458071327,-0.43380030364705874,-0.9111921126101178,2867.1196
1.0,1.0,0.0,0.0,0.0,-0.30972425078080257,1.011429700507103,-0.08842792654022237,39774.2763
0.0,0.0,0.0,0.0,1.0,0.6854858042806344,0.22176794565998317,3.202628817739359,11552.904
0.0,0.0,1.0,0.0,0.0,1.3963501293245182,-0.6399069880882882,1.5571004455995683,14382.70905
1.0,0.0,1.0,0.0,0.0,-0.8073292783115211,0.5396192180512768,-0.9111921126101178,19673.33573
0.0,0.0,0.0,0.0,1.0,-0.23863781827641423,-0.7715172805628083,-0.08842792654022237,5472.449
0.0,0.0,0.0,0.0,1.0,0.8276586692894112,1.4799292322088526,-0.08842792654022237,9880.068
0.0,0.0,0.0,0.0,0.0,-0.8073292783115211,-1.0330823901348098,-0.08842792654022237,23288.9284
1.0,0.0,1.0,0.0,0.0,-0.16755138577202586,-0.4197287629422363,0.734336259529673,6203.90175
1.0,0.0,0.0,1.0,0.0,-0.23863781827641423,0.6406032160505938,0.734336259529673,5584.3057
0.0,0.0,1.0,0.0,0.0,1.3963501293245182,0.13071679992289442,-0.9111921126101178,12622.1795
0.0,0.0,0.0,1.0,0.0,1.6806958593420716,1.0412282572937865,-0.9111921126101178,13887.9685
1.0,0.0,0.0,0.0,0.0,1.2541772643157414,1.6090563116178158,-0.9111921126101178,20709.02034
0.0,0.0,0.0,0.0,0.0,1.183090831811353,0.2879869607415024,1.5571004455995683,13430.265
1.0,0.0,1.0,0.0,0.0,-0.16755138577202586,0.052081719513589864,1.5571004455995683,6796.86325
0.0,0.0,0.0,0.0,0.0,-1.162761440833463,0.7126163949517466,-0.9111921126101178,2899.48935
0.0,0.0,0.0,1.0,0.0,-0.30972425078080257,2.1156317769914397,0.734336259529673,5846.9176
0.0,0.0,0.0,0.0,1.0,1.3963501293245182,0.25487745320074334,1.5571004455995683,14007.222
1.0,0.0,1.0,0.0,0.0,1.4674365618289065,-1.0330823901348098,-0.08842792654022237,13112.6048
0.0,0.0,0.0,0.0,0.0,0.11679434424552758,-1.4577118243450533,-0.08842792654022237,13725.47184
1.0,0.0,0.0,1.0,0.0,-0.5229835482939676,2.6437284222665567,0.734336259529673,4686.3887
0.0,0.0,0.0,1.0,0.0,0.9698315342981879,1.241540777915383,1.5571004455995683,20462.99766
1.0,0.0,1.0,0.0,0.0,-1.4471071708510164,-1.3161686796083054,-0.9111921126101178,1628.4709
0.0,0.0,0.0,0.0,1.0,-1.4471071708510164,-2.1124523359635763,-0.9111921126101178,1727.785
1.0,1.0,1.0,0.0,0.0,1.183090831811353,-0.6399069880882882,-0.08842792654022237,26109.32905
1.0,0.0,1.0,0.0,0.0,0.4722265067674694,-1.7722521459822704,-0.9111921126101178,7526.70645
1.0,0.0,1.0,0.0,0.0,-0.38081068328519097,0.8698865557703545,-0.9111921126101178,4320.41085
1.0,0.0,1.0,0.0,0.0,-0.0964649532676375,-0.4511827951059577,0.734336259529673,6455.86265
1.0,0.0,0.0,0.0,1.0,1.183090831811353,1.612367262371891,-0.9111921126101178,10602.385
1.0,0.0,1.0,0.0,0.0,-0.7362428458071327,0.25653292857778104,0.734336259529673,4433.9159
1.0,0.0,0.0,0.0,0.0,0.3300536417586927,-1.441984808263192,1.5571004455995683,8891.1395
0.0,0.0,1.0,0.0,0.0,1.0409179668025763,0.8698865557703545,1.5571004455995683,12495.29085
1.0,0.0,0.0,0.0,1.0,0.04570791174113922,-0.109327129747614,0.734336259529673,6600.361
0.0,0.0,0.0,0.0,0.0,0.4722265067674694,0.5238922019694161,-0.08842792654022237,8823.98575
1.0,0.0,0.0,1.0,0.0,-1.0205885758246862,0.5131316120186683,2.379864631669464,4504.6624
1.0,0.0,1.0,0.0,0.0,0.11679434424552758,1.0743377648345456,0.734336259529673,7265.7025
0.0,0.0,1.0,0.0,0.0,1.6096094268376833,-0.010826344813853434,0.734336259529673,15019.76005
1.0,0.0,1.0,0.0,0.0,1.1120043993069646,1.1844268774075728,1.5571004455995683,30063.58055
1.0,0.0,0.0,1.0,0.0,1.3963501293245182,0.20355771651256543,0.734336259529673,12928.7911
0.0,1.0,1.0,0.0,0.0,-0.30972425078080257,-0.4197287629422363,-0.9111921126101178,20234.85475
0.0,0.0,0.0,0.0,1.0,-0.8784157108159095,0.7018558050009989,-0.08842792654022237,3577.999
1.0,0.0,1.0,0.0,0.0,0.3300536417586927,0.24080591249592034,0.734336259529673,8116.26885
1.0,0.0,0.0,0.0,1.0,1.3252636968201297,-1.2019408785926842,-0.9111921126101178,11345.519
0.0,0.0,1.0,0.0,0.0,1.6096094268376833,0.3980760733145295,1.5571004455995683,15612.19335
0.0,0.0,1.0,0.0,0.0,0.6854858042806344,0.6968893788698859,-0.08842792654022237,9583.8933
1.0,0.0,0.0,1.0,0.0,-1.5181936033554047,-1.1986299278386083,-0.08842792654022237,1711.0268
0.0,0.0,0.0,0.0,0.0,-0.5229835482939676,0.16217083208661578,-0.08842792654022237,5148.5526
1.0,0.0,0.0,1.0,0.0,-0.02537852076324914,0.5859725286083405,0.734336259529673,23563.01618
0.0,1.0,0.0,1.0,0.0,-1.376020738346628,-1.0165276363644298,-0.9111921126101178,26125.67477
0.0,0.0,0.0,0.0,1.0,1.0409179668025763,2.671871503676203,0.734336259529673,11538.421
1.0,1.0,1.0,0.0,0.0,0.8987451017937995,0.6497083306243027,1.5571004455995683,60021.39897
0.0,0.0,0.0,0.0,1.0,0.5433129392718578,-1.0695028484296454,-0.08842792654022237,26236.57997
1.0,1.0,0.0,0.0,0.0,-1.162761440833463,0.19362486425033773,1.5571004455995683,36189.1017
0.0,0.0,0.0,0.0,1.0,-0.23863781827641423,-0.7218530192516687,-0.9111921126101178,4883.866
0.0,0.0,0.0,1.0,0.0,1.1120043993069646,-0.069595720698702,0.734336259529673,11881.9696
1.0,0.0,0.0,0.0,0.0,0.6854858042806344,0.13071679992289442,-0.08842792654022237,9290.1395
1.0,0.0,1.0,0.0,0.0,0.401140074263081,-1.5206198886724966,-0.9111921126101178,7222.78625
0.0,0.0,0.0,0.0,0.0,-1.2338478733378513,0.6654353467061633,0.734336259529673,3925.7582
1.0,0.0,0.0,1.0,0.0,-1.5181936033554047,3.7363421711116276,-0.9111921126101178,1163.4627
0.0,0.0,0.0,0.0,0.0,-1.5181936033554047,1.6090563116178158,-0.9111921126101178,2217.6012
0.0,1.0,1.0,0.0,0.0,1.6806958593420716,-0.5927259398427055,-0.9111921126101178,28950.4692
0.0,1.0,1.0,0.0,0.0,-1.162761440833463,-0.3725477146966537,-0.9111921126101178,18033.9679
0.0,1.0,0.0,0.0,0.0,-0.9495021433202978,-2.2126085962743747,0.734336259529673,14455.64405
1.0,0.0,0.0,0.0,1.0,0.3300536417586927,-0.5231959740071105,0.734336259529673,7726.854
0.0,0.0,0.0,1.0,0.0,-0.38081068328519097,-0.4702207619418948,-0.9111921126101178,4415.1588
0.0,0.0,1.0,0.0,0.0,-0.594069980798356,0.36662204115080693,0.734336259529673,5327.40025
1.0,1.0,0.0,0.0,1.0,-0.7362428458071327,0.6356367899194796,-0.9111921126101178,36197.699
0.0,0.0,0.0,0.0,0.0,1.7517822918464598,0.2093518803321984,0.734336259529673,16069.08475
1.0,1.0,1.0,0.0,0.0,-0.6651564133027443,-1.2532606152808623,0.734336259529673,17361.7661
0.0,0.0,0.0,0.0,0.0,1.183090831811353,-0.3253666664510711,-0.9111921126101178,11658.11505
1.0,0.0,0.0,0.0,0.0,0.8987451017937995,0.2722599446596417,1.5571004455995683,11488.31695
0.0,1.0,0.0,0.0,1.0,-0.23863781827641423,-1.317824154985343,0.734336259529673,18608.262
1.0,0.0,1.0,0.0,0.0,0.8276586692894112,0.17789784816847704,-0.9111921126101178,9174.13565
0.0,1.0,1.0,0.0,0.0,-1.4471071708510164,-0.3725477146966537,-0.9111921126101178,17468.9839
0.0,1.0,0.0,0.0,0.0,-1.5181936033554047,-1.473438840426914,-0.9111921126101178,14283.4594
0.0,0.0,1.0,0.0,0.0,1.1120043993069646,-0.5927259398427055,-0.9111921126101178,11082.5772
0.0,0.0,0.0,0.0,1.0,-0.8784157108159095,-1.0695028484296454,-0.9111921126101178,2974.126
1.0,0.0,1.0,0.0,0.0,-1.162761440833463,-1.9609763389646009,-0.9111921126101178,21595.38229
0.0,1.0,1.0,0.0,0.0,0.5433129392718578,-0.4826368272696796,0.734336259529673,24535.69855
0.0,0.0,0.0,1.0,0.0,1.3252636968201297,-1.2896810735756976,-0.9111921126101178,11833.7823
0.0,0.0,0.0,1.0,0.0,0.3300536417586927,-1.0893685529541013,0.734336259529673,8211.1002
1.0,0.0,1.0,0.0,0.0,-0.16755138577202586,-1.0330823901348098,0.734336259529673,6198.7518
0.0,0.0,0.0,0.0,1.0,0.18788077674991593,-0.8708458031850871,-0.08842792654022237,7045.499
1.0,0.0,1.0,0.0,0.0,-0.23863781827641423,-0.3253666664510711,1.5571004455995683,6548.19505
0.0,1.0,0.0,1.0,0.0,1.6096094268376833,-0.7069537408583267,-0.9111921126101178,27808.7251
0.0,0.0,0.0,0.0,1.0,0.25896720925430433,0.6356367899194796,1.5571004455995683,8522.003
0.0,0.0,1.0,0.0,0.0,-0.02537852076324914,-1.0488094062166704,3.202628817739359,8965.79575
1.0,0.0,0.0,0.0,1.0,-0.8073292783115211,-1.119167109740785,0.734336259529673,3847.674
1.0,0.0,0.0,1.0,0.0,0.11679434424552758,-1.453573135902458,-0.08842792654022237,6272.4772
1.0,0.0,0.0,0.0,0.0,1.3963501293245182,-0.9701743258073665,-0.9111921126101178,12323.936
0.0,0.0,1.0,0.0,0.0,-0.5229835482939676,0.4295301054782508,1.5571004455995683,6128.79745
1.0,0.0,0.0,1.0,0.0,0.8987451017937995,0.5859725286083405,-0.9111921126101178,9140.951
1.0,0.0,0.0,1.0,0.0,-1.2338478733378513,-0.6159025951212375,-0.9111921126101178,1664.9996
1.0,0.0,1.0,0.0,0.0,-0.23863781827641423,0.5396192180512768,-0.08842792654022237,5377.4578
0.0,0.0,0.0,0.0,0.0,1.3963501293245182,0.3037139768233642,1.5571004455995683,14590.63205
1.0,0.0,0.0,0.0,0.0,0.8276586692894112,-0.46690981118781893,-0.08842792654022237,9957.7216
0.0,0.0,0.0,0.0,0.0,-0.0964649532676375,-0.5455448915971229,-0.08842792654022237,6555.07035
1.0,0.0,0.0,0.0,0.0,-1.3049343058422396,-0.5298178755152623,-0.9111921126101178,2104.1134
1.0,0.0,1.0,0.0,0.0,1.0409179668025763,-0.05800739305943605,-0.9111921126101178,10231.4999
0.0,0.0,0.0,0.0,1.0,0.18788077674991593,1.2150531718827746,-0.9111921126101178,6474.013
0.0,1.0,0.0,1.0,0.0,0.3300536417586927,2.2066829227285285,0.734336259529673,46200.9851
1.0,1.0,0.0,1.0,0.0,-0.8784157108159095,0.09429634162805833,-0.08842792654022237,34806.4677
0.0,0.0,1.0,0.0,0.0,-1.0916750083290745,-0.10518844130501867,-0.9111921126101178,2850.68375
1.0,0.0,1.0,0.0,0.0,1.5385229943332948,0.2879869607415024,0.734336259529673,14119.62
1.0,0.0,1.0,0.0,0.0,0.18788077674991593,-0.7028150524157315,-0.08842792654022237,6940.90985
0.0,0.0,0.0,1.0,0.0,0.7565722367850228,-0.4520105327944771,1.5571004455995683,19749.38338
0.0,0.0,0.0,0.0,1.0,1.5385229943332948,2.2248931518759463,-0.9111921126101178,13063.883
1.0,0.0,0.0,1.0,0.0,0.6143993717762462,1.1140691738834576,0.734336259529673,8978.1851
0.0,0.0,0.0,1.0,0.0,-0.0964649532676375,1.5875351317163215,-0.9111921126101178,5400.9805
0.0,0.0,0.0,0.0,1.0,0.8987451017937995,2.340776428268606,1.5571004455995683,11411.685
1.0,0.0,0.0,0.0,1.0,1.7517822918464598,0.6521915436898598,-0.9111921126101178,13822.803
0.0,0.0,0.0,0.0,0.0,0.8987451017937995,-1.2218065831171403,-0.9111921126101178,10197.7722
1.0,0.0,0.0,0.0,1.0,-1.4471071708510164,-0.986729079577746,-0.08842792654022237,1837.237
1.0,0.0,0.0,0.0,1.0,1.3252636968201297,0.8508485889344185,-0.9111921126101178,11362.755
1.0,0.0,0.0,0.0,1.0,-0.7362428458071327,-0.5563054815478701,-0.9111921126101178,2866.091
0.0,0.0,0.0,0.0,1.0,1.7517822918464598,1.5130387397496128,-0.9111921126101178,14319.031
0.0,1.0,1.0,0.0,0.0,1.3963501293245182,-1.1431715027078357,-0.9111921126101178,25678.77845
1.0,1.0,0.0,1.0,0.0,-0.594069980798356,-0.12422640814095584,-0.9111921126101178,19350.3689
0.0,0.0,0.0,0.0,0.0,-0.8784157108159095,0.004900671268007243,-0.08842792654022237,16796.41194
1.0,1.0,0.0,0.0,0.0,0.401140074263081,-1.2689876313627229,-0.9111921126101178,35069.37452
0.0,0.0,0.0,0.0,0.0,-0.9495021433202978,-0.19955053779618392,0.734336259529673,4564.19145
1.0,0.0,0.0,0.0,1.0,-0.5229835482939676,0.03966565418580509,1.5571004455995683,5253.524
0.0,0.0,0.0,0.0,0.0,0.11679434424552758,0.4295301054782508,1.5571004455995683,8538.28845
1.0,1.0,0.0,0.0,1.0,0.6854858042806344,0.05622040795618459,-0.9111921126101178,39727.614
1.0,1.0,0.0,0.0,1.0,-0.0964649532676375,-1.8641310294078786,-0.9111921126101178,15820.699
1.0,0.0,0.0,0.0,1.0,-0.23863781827641423,0.15554893057846397,-0.9111921126101178,4402.233
0.0,1.0,0.0,1.0,0.0,0.5433129392718578,-0.4520105327944771,-0.9111921126101178,23065.4207
0.0,0.0,0.0,1.0,0.0,-0.5229835482939676,2.261313610170782,-0.9111921126101178,3994.1778
1.0,0.0,0.0,0.0,1.0,-1.162761440833463,0.7680748200825191,-0.08842792654022237,2416.955
1.0,0.0,0.0,1.0,0.0,-1.5181936033554047,0.5859725286083405,-0.9111921126101178,1137.011
1.0,0.0,0.0,1.0,0.0,0.4722265067674694,2.2066829227285285,1.5571004455995683,8944.1151
0.0,0.0,0.0,0.0,0.0,0.6143993717762462,-0.5455448915971229,-0.08842792654022237,9447.25035
0.0,1.0,0.0,1.0,0.0,0.6143993717762462,-0.7797946574479978,1.5571004455995683,24180.9335
1.0,1.0,0.0,1.0,0.0,1.7517822918464598,1.0594384864412043,0.734336259529673,49577.6624
0.0,0.0,0.0,0.0,1.0,-0.0964649532676375,0.7018558050009989,0.734336259529673,6571.544
0.0,1.0,1.0,0.0,0.0,-1.4471071708510164,0.3194409929052249,-0.9111921126101178,36898.73308
0.0,0.0,0.0,0.0,1.0,-1.0916750083290745,-0.49008646646635023,-0.9111921126101178,18955.22017
0.0,0.0,1.0,0.0,0.0,-0.7362428458071327,-1.709344081654827,0.734336259529673,4906.40965
0.0,0.0,0.0,0.0,1.0,-1.4471071708510164,1.6454767699126511,-0.9111921126101178,1759.338
1.0,0.0,0.0,1.0,0.0,-0.8784157108159095,-1.2350503861334439,-0.9111921126101178,2483.736
1.0,1.0,0.0,0.0,0.0,-1.5181936033554047,0.19362486425033773,-0.9111921126101178,33732.6867
0.0,1.0,0.0,1.0,0.0,-0.8784157108159095,0.9137566532618612,-0.9111921126101178,37133.8982
1.0,0.0,0.0,1.0,0.0,-1.5181936033554047,-1.453573135902458,0.734336259529673,11884.04858
0.0,0.0,0.0,0.0,0.0,1.1120043993069646,-0.12091545738687993,-0.9111921126101178,11286.5387
1.0,0.0,1.0,0.0,0.0,-0.30972425078080257,0.6968893788698859,0.734336259529673,5729.0053
0.0,1.0,1.0,0.0,0.0,-0.8784157108159095,-1.7407981138185484,1.5571004455995683,16420.49455
0.0,0.0,0.0,1.0,0.0,0.04570791174113922,0.9319668824092789,-0.9111921126101178,5920.1041
1.0,1.0,0.0,0.0,0.0,-1.5181936033554047,-0.5298178755152623,-0.08842792654022237,17178.6824
0.0,0.0,0.0,0.0,1.0,0.8987451017937995,0.10588466926732429,-0.9111921126101178,9625.92
0.0,0.0,0.0,0.0,0.0,0.9698315342981879,0.2879869607415024,0.734336259529673,29186.48236
1.0,1.0,1.0,0.0,0.0,0.401140074263081,-1.2689876313627229,0.734336259529673,21098.55405
1.0,0.0,1.0,0.0,0.0,-0.594069980798356,-0.3253666664510711,-0.08842792654022237,4243.59005
0.0,1.0,0.0,0.0,0.0,-1.0916750083290745,-1.6621630334092445,-0.9111921126101178,14571.8908
0.0,1.0,0.0,0.0,0.0,0.18788077674991593,-1.1903525509534183,-0.9111921126101178,19964.7463
1.0,0.0,1.0,0.0,0.0,1.2541772643157414,0.5710732502149981,-0.9111921126101178,11356.6609
0.0,0.0,1.0,0.0,0.0,0.11679434424552758,-0.3725477146966537,-0.08842792654022237,7153.5539
0.0,0.0,0.0,0.0,1.0,-1.3049343058422396,-0.7880720343331878,-0.9111921126101178,2007.945
0.0,0.0,0.0,1.0,0.0,1.6096094268376833,-0.1060161789935375,-0.9111921126101178,13457.9608
1.0,0.0,0.0,0.0,0.0,1.3963501293245182,-0.8443581971524793,-0.08842792654022237,12913.9924
1.0,0.0,0.0,0.0,0.0,1.4674365618289065,-0.15236948955060128,-0.9111921126101178,12730.9996
0.0,0.0,1.0,0.0,0.0,-0.38081068328519097,-0.6870880363338708,-0.08842792654022237,5385.3379
0.0,0.0,0.0,0.0,1.0,0.11679434424552758,0.27143220697112347,-0.08842792654022237,6775.961
1.0,1.0,0.0,0.0,1.0,0.7565722367850228,0.6025272823787207,0.734336259529673,42856.838
0.0,1.0,1.0,0.0,0.0,1.5385229943332948,-0.24673158604176654,-0.9111921126101178,29141.3603
1.0,0.0,1.0,0.0,0.0,-1.0205885758246862,-0.6399069880882882,2.379864631669464,4877.98105
0.0,0.0,0.0,1.0,0.0,-1.5181936033554047,-0.6341128242686552,-0.9111921126101178,1615.7667
1.0,0.0,0.0,0.0,1.0,-1.4471071708510164,-0.3079841749921722,-0.9111921126101178,1253.936
1.0,0.0,0.0,1.0,0.0,-1.3049343058422396,-1.216840156986026,-0.9111921126101178,1515.3449
1.0,0.0,1.0,0.0,0.0,-1.4471071708510164,0.8227055075247725,-0.9111921126101178,1646.4297
0.0,1.0,0.0,1.0,0.0,-0.7362428458071327,-0.43380030364705874,-0.08842792654022237,19107.7796
0.0,0.0,0.0,0.0,0.0,-0.30972425078080257,1.2473349417350155,0.734336259529673,24915.04626
0.0,0.0,0.0,0.0,1.0,1.3963501293245182,0.7018558050009989,0.734336259529673,36910.60803
0.0,0.0,0.0,1.0,0.0,1.7517822918464598,0.8955464241144434,-0.9111921126101178,14313.8463
0.0,1.0,0.0,1.0,0.0,-0.16755138577202586,-0.688743511710909,-0.9111921126101178,19539.243
1.0,0.0,0.0,0.0,0.0,0.8276586692894112,-1.347622711772027,-0.9111921126101178,9361.3268
1.0,0.0,0.0,0.0,0.0,0.04570791174113922,-1.3004416635264449,0.734336259529673,7173.35995
1.0,0.0,0.0,1.0,0.0,-0.9495021433202978,-0.2334877830254629,-0.08842792654022237,2902.9065
0.0,0.0,0.0,0.0,1.0,0.04570791174113922,-0.5231959740071105,-0.08842792654022237,6496.886
0.0,0.0,0.0,1.0,0.0,0.3300536417586927,0.2946088622496553,-0.08842792654022237,7633.7206
0.0,0.0,1.0,0.0,0.0,-0.8784157108159095,0.11498978384103316,-0.08842792654022237,3956.07145
0.0,1.0,0.0,0.0,1.0,-1.4471071708510164,-0.37420319007369135,-0.9111921126101178,17081.08
0.0,0.0,0.0,1.0,0.0,-0.02537852076324914,1.860688568927589,-0.9111921126101178,5662.225
1.0,0.0,1.0,0.0,0.0,-0.02537852076324914,-1.441984808263192,-0.08842792654022237,6117.4945
1.0,0.0,0.0,1.0,0.0,1.3252636968201297,3.0625636926571675,-0.9111921126101178,11381.3254
0.0,0.0,0.0,0.0,0.0,0.5433129392718578,0.46098413764197216,-0.9111921126101178,20878.78443
1.0,0.0,0.0,0.0,0.0,0.401140074263081,-1.0802634383803924,0.734336259529673,8604.48365
1.0,0.0,0.0,0.0,1.0,-0.8784157108159095,2.539433473513163,0.734336259529673,3693.428
1.0,0.0,0.0,0.0,0.0,1.2541772643157414,-2.023884403292044,-0.9111921126101178,11534.87265
1.0,1.0,0.0,1.0,0.0,-1.5181936033554047,0.18534748736514767,0.734336259529673,34303.1672
0.0,0.0,0.0,1.0,0.0,1.7517822918464598,1.4054328402421428,1.5571004455995683,16085.1275
1.0,0.0,0.0,0.0,0.0,1.4674365618289065,1.058610748752685,-0.9111921126101178,12741.16745
1.0,0.0,0.0,0.0,1.0,1.6806958593420716,0.42042499090454194,-0.9111921126101178,13393.756
0.0,0.0,1.0,0.0,0.0,-0.16755138577202586,-1.1903525509534183,0.734336259529673,6686.4313
0.0,0.0,0.0,0.0,1.0,-0.9495021433202978,1.9600170915498683,-0.08842792654022237,3410.324
1.0,0.0,0.0,0.0,0.0,-1.3049343058422396,-0.7499961006613141,-0.9111921126101178,2102.2647
0.0,0.0,0.0,1.0,0.0,0.04570791174113922,-0.12422640814095584,-0.08842792654022237,6500.2359
1.0,1.0,1.0,0.0,0.0,-1.376020738346628,-0.4197287629422363,-0.08842792654022237,17560.37975
1.0,0.0,0.0,0.0,0.0,1.7517822918464598,1.263061957816876,-0.9111921126101178,14410.9321
1.0,0.0,0.0,0.0,0.0,-1.5181936033554047,-0.0265533608957147,1.5571004455995683,3481.868
1.0,0.0,0.0,0.0,1.0,0.401140074263081,-0.059662868436474295,-0.08842792654022237,7441.053
0.0,1.0,0.0,1.0,0.0,0.8987451017937995,-0.8708458031850871,0.734336259529673,24667.419
0.0,1.0,1.0,0.0,0.0,-0.4518971157895793,0.8227055075247725,-0.9111921126101178,55135.40209
0.0,0.0,0.0,0.0,1.0,1.3963501293245182,-0.5066412202367303,-0.9111921126101178,12233.828
0.0,0.0,0.0,1.0,0.0,-1.5181936033554047,0.09429634162805833,-0.9111921126101178,1621.8827
1.0,0.0,0.0,1.0,0.0,-1.5181936033554047,1.1140691738834576,-0.9111921126101178,1141.4451
0.0,0.0,0.0,0.0,0.0,-1.5181936033554047,1.3416970382261806,0.734336259529673,3393.35635
1.0,0.0,1.0,0.0,0.0,-1.4471071708510164,-0.4511827951059577,-0.9111921126101178,1635.73365
1.0,1.0,0.0,1.0,0.0,-1.4471071708510164,2.3705749850552893,-0.9111921126101178,39722.7462
0.0,0.0,0.0,0.0,0.0,-0.0964649532676375,-0.4511827951059577,0.734336259529673,7144.86265
0.0,0.0,0.0,0.0,1.0,0.6854858042806344,-0.5728602353182496,-0.08842792654022237,26140.3603
0.0,1.0,1.0,0.0,0.0,-1.4471071708510164,-0.2781856182054885,-0.9111921126101178,17748.5062
1.0,0.0,1.0,0.0,0.0,-1.4471071708510164,0.004900671268007243,-0.9111921126101178,1639.5631
0.0,0.0,0.0,0.0,0.0,-1.5181936033554047,-0.07373440914129732,-0.9111921126101178,21344.8467
1.0,0.0,1.0,0.0,0.0,-0.5229835482939676,-0.2781856182054885,-0.9111921126101178,3866.8552
0.0,0.0,0.0,0.0,1.0,1.1120043993069646,1.0826151417197363,-0.9111921126101178,10713.644
1.0,0.0,0.0,0.0,1.0,0.6143993717762462,-0.1589913910587531,-0.9111921126101178,21232.18226
0.0,0.0,0.0,1.0,0.0,-1.5181936033554047,1.1140691738834576,-0.08842792654022237,2219.4451
1.0,1.0,0.0,0.0,1.0,0.6143993717762462,-0.42386745138483106,-0.08842792654022237,23568.272
1.0,1.0,1.0,0.0,0.0,-1.4471071708510164,1.058610748752685,-0.9111921126101178,36219.40545
1.0,0.0,0.0,1.0,0.0,1.2541772643157414,-0.43380030364705874,-0.08842792654022237,11554.2236
1.0,0.0,0.0,1.0,0.0,0.7565722367850228,-0.8708458031850871,-0.9111921126101178,8442.667
0.0,0.0,0.0,1.0,0.0,1.3963501293245182,0.9865975698515334,-0.08842792654022237,28287.89766
1.0,0.0,0.0,0.0,1.0,-1.0916750083290745,-0.7880720343331878,-0.9111921126101178,1972.95
1.0,0.0,0.0,0.0,0.0,0.11679434424552758,-0.15236948955060128,3.202628817739359,9222.4026
1.0,0.0,0.0,1.0,0.0,0.8276586692894112,0.8955464241144434,-0.08842792654022237,9386.1613
0.0,0.0,0.0,0.0,0.0,1.183090831811353,-0.3725477146966537,-0.9111921126101178,11657.7189
0.0,0.0,1.0,0.0,0.0,-1.4471071708510164,-0.435455779024097,1.5571004455995683,18838.70366
1.0,0.0,0.0,0.0,1.0,0.5433129392718578,0.9336223577863177,-0.08842792654022237,8068.185
0.0,0.0,0.0,0.0,1.0,1.2541772643157414,1.2316079256531547,0.734336259529673,12646.207
1.0,0.0,1.0,0.0,0.0,1.6096094268376833,-0.08946142522315799,-0.9111921126101178,13352.0998
1.0,1.0,0.0,0.0,1.0,0.5433129392718578,-0.1258818835179935,1.5571004455995683,25309.489
1.0,0.0,0.0,1.0,0.0,0.6854858042806344,0.8773361949670258,-0.9111921126101178,8124.4084
1.0,0.0,0.0,0.0,1.0,-1.4471071708510164,-0.3576484363033119,-0.08842792654022237,1842.519
0.0,0.0,1.0,0.0,0.0,0.5433129392718578,0.5553462341331374,1.5571004455995683,10115.00885
0.0,0.0,0.0,0.0,1.0,-1.162761440833463,-0.42386745138483106,-0.9111921126101178,13126.67745
0.0,0.0,0.0,0.0,0.0,1.2541772643157414,0.6182542984605813,0.734336259529673,13224.05705
0.0,0.0,0.0,0.0,0.0,-1.5181936033554047,0.8384325236066331,-0.9111921126101178,2211.13075
0.0,0.0,1.0,0.0,0.0,0.3300536417586927,1.058610748752685,-0.08842792654022237,8023.13545
1.0,0.0,1.0,0.0,0.0,0.11679434424552758,-0.35682069861479243,-0.08842792654022237,6664.68595
1.0,0.0,1.0,0.0,0.0,1.3252636968201297,0.633981314542442,-0.9111921126101178,11743.9341
1.0,0.0,0.0,1.0,0.0,-0.8784157108159095,0.3492395496919086,-0.9111921126101178,2497.0383
0.0,0.0,0.0,0.0,0.0,-0.38081068328519097,-1.158898518789697,-0.9111921126101178,4992.3764
0.0,0.0,0.0,1.0,0.0,0.401140074263081,0.9501771115566967,0.734336259529673,8527.532
0.0,0.0,0.0,1.0,0.0,-1.5181936033554047,1.2597510070628009,-0.9111921126101178,1631.6683
1.0,0.0,0.0,1.0,0.0,-0.8784157108159095,0.5131316120186683,-0.9111921126101178,2498.4144
1.0,0.0,1.0,0.0,0.0,-0.38081068328519097,-0.8758122293162013,-0.08842792654022237,4894.7533
1.0,1.0,0.0,0.0,1.0,-0.6651564133027443,0.7846295738528981,-0.9111921126101178,36837.467
0.0,0.0,0.0,0.0,1.0,-0.4518971157895793,-1.9965690595709176,-0.08842792654022237,4766.022
1.0,0.0,1.0,0.0,0.0,-1.4471071708510164,-1.677890049491105,-0.9111921126101178,1625.43375
1.0,0.0,0.0,0.0,0.0,-0.9495021433202978,-0.5455448915971229,1.5571004455995683,4661.28635
1.0,1.0,0.0,0.0,0.0,-0.23863781827641423,-0.4197287629422363,-0.08842792654022237,20773.62775
0.0,0.0,0.0,0.0,1.0,-0.594069980798356,-0.7880720343331878,0.734336259529673,4934.705
0.0,0.0,0.0,0.0,1.0,0.5433129392718578,-1.1522766172815446,-0.08842792654022237,8539.671
0.0,0.0,0.0,0.0,1.0,1.6096094268376833,-0.9205100644962269,-0.9111921126101178,13451.122
0.0,0.0,0.0,0.0,1.0,0.4722265067674694,-0.059662868436474295,0.734336259529673,8825.086
1.0,0.0,0.0,0.0,0.0,-0.6651564133027443,1.1372458291619896,1.5571004455995683,5428.7277
1.0,0.0,1.0,0.0,0.0,1.0409179668025763,-0.08946142522315799,-0.9111921126101178,24476.47851
0.0,0.0,0.0,1.0,0.0,-0.594069980798356,-0.2152775538780446,-0.08842792654022237,4350.5144
1.0,0.0,1.0,0.0,0.0,0.9698315342981879,0.09926276775917248,-0.08842792654022237,10461.9794
0.0,0.0,0.0,0.0,0.0,0.04570791174113922,-0.8443581971524793,-0.08842792654022237,7077.1894
0.0,0.0,0.0,0.0,1.0,-0.7362428458071327,-0.7715172805628083,-0.9111921126101178,3353.284
0.0,0.0,0.0,0.0,0.0,0.9698315342981879,-1.127444486625975,0.734336259529673,11729.6795
0.0,0.0,1.0,0.0,0.0,-0.7362428458071327,-0.7499961006613141,-0.9111921126101178,3736.4647
1.0,0.0,0.0,0.0,0.0,0.9698315342981879,-0.6870880363338708,0.734336259529673,11244.3769
1.0,1.0,1.0,0.0,0.0,0.6143993717762462,1.6562373598633977,0.734336259529673,45702.02235
0.0,0.0,0.0,0.0,0.0,-1.2338478733378513,-0.0265533608957147,-0.9111921126101178,2741.948
1.0,0.0,0.0,0.0,0.0,-1.162761440833463,-1.1117174705441144,-0.9111921126101178,2395.17155
0.0,0.0,0.0,0.0,1.0,0.8987451017937995,1.1322794030308754,-0.9111921126101178,9634.538
0.0,0.0,0.0,0.0,1.0,1.2541772643157414,-1.7316929992448395,-0.08842792654022237,12032.326
1.0,0.0,0.0,0.0,0.0,1.0409179668025763,-0.8443581971524793,-0.08842792654022237,25517.11363
0.0,1.0,0.0,0.0,1.0,-1.4471071708510164,0.6853010512306199,0.734336259529673,36397.576
1.0,0.0,0.0,1.0,0.0,1.5385229943332948,0.16713725821772993,-0.9111921126101178,12557.6053
0.0,0.0,0.0,0.0,1.0,0.7565722367850228,0.17210368434884407,0.734336259529673,10118.424
1.0,1.0,1.0,0.0,0.0,-0.5229835482939676,-0.40400174686037504,2.379864631669464,21472.4788
0.0,0.0,0.0,0.0,0.0,-0.8784157108159095,-0.891539245398062,-0.9111921126101178,3558.62025
1.0,0.0,1.0,0.0,0.0,1.3252636968201297,-0.3253666664510711,-0.9111921126101178,11735.87905
0.0,1.0,0.0,0.0,0.0,0.9698315342981879,-1.3161686796083054,1.5571004455995683,24873.3849
0.0,0.0,0.0,0.0,1.0,-0.594069980798356,-1.1522766172815446,0.734336259529673,4931.647
0.0,0.0,1.0,0.0,0.0,-1.162761440833463,-1.2218065831171403,0.734336259529673,14426.07385
0.0,0.0,0.0,0.0,0.0,0.18788077674991593,0.3823490572326676,-0.9111921126101178,7050.0213
0.0,0.0,0.0,0.0,0.0,1.0409179668025763,0.2879869607415024,-0.08842792654022237,11512.405
1.0,0.0,1.0,0.0,0.0,0.401140074263081,-0.010826344813853434,0.734336259529673,8413.46305
0.0,0.0,0.0,1.0,0.0,1.0409179668025763,0.22176794565998317,-0.08842792654022237,10928.849
1.0,1.0,0.0,0.0,0.0,-1.0916750083290745,-0.34109368253293176,-0.9111921126101178,35147.52848
1.0,1.0,0.0,0.0,0.0,-1.5181936033554047,-0.891539245398062,-0.9111921126101178,15518.18025
0.0,0.0,0.0,0.0,0.0,0.8987451017937995,0.03635470343172918,-0.08842792654022237,10797.3362
1.0,0.0,1.0,0.0,0.0,-1.3049343058422396,0.11498978384103316,-0.9111921126101178,1909.52745
1.0,0.0,0.0,0.0,0.0,-0.8073292783115211,0.8069784914429118,-0.9111921126101178,3268.84665
0.0,0.0,0.0,0.0,0.0,0.6143993717762462,0.8856135718522151,-0.08842792654022237,26392.26029
0.0,1.0,0.0,0.0,0.0,-0.4518971157895793,-1.8980682746371575,0.734336259529673,16776.30405
0.0,0.0,1.0,0.0,0.0,-1.3049343058422396,0.35089502506894626,0.734336259529673,26018.95052
0.0,1.0,0.0,0.0,0.0,-1.162761440833463,2.017958729746198,-0.08842792654022237,40904.1995
1.0,0.0,1.0,0.0,0.0,0.6143993717762462,1.011429700507103,-0.08842792654022237,28468.91901
1.0,0.0,0.0,0.0,1.0,-0.8073292783115211,1.0826151417197363,-0.08842792654022237,3277.161
0.0,0.0,0.0,0.0,0.0,1.1120043993069646,0.3037139768233642,-0.08842792654022237,11879.10405
0.0,0.0,0.0,0.0,0.0,-0.6651564133027443,-1.2689876313627229,-0.08842792654022237,4719.52405
1.0,0.0,0.0,1.0,0.0,1.1120043993069646,0.5495520703135051,1.5571004455995683,11987.1682
0.0,0.0,0.0,0.0,0.0,1.6806958593420716,-1.2375335991990009,-0.9111921126101178,14451.83515
1.0,0.0,0.0,0.0,1.0,-0.30972425078080257,-0.2748746674514126,1.5571004455995683,5926.846
1.0,1.0,1.0,0.0,0.0,1.6096094268376833,0.052081719513589864,1.5571004455995683,46718.16325
1.0,0.0,0.0,0.0,0.0,0.5433129392718578,-0.8443581971524793,0.734336259529673,9225.2564
1.0,0.0,0.0,0.0,1.0,-0.9495021433202978,-1.6158097228521808,-0.9111921126101178,2302.3
1.0,0.0,1.0,0.0,0.0,-0.8073292783115211,0.052081719513589864,-0.9111921126101178,3062.50825
0.0,1.0,1.0,0.0,0.0,0.25896720925430433,-0.9701743258073665,0.734336259529673,21880.82
0.0,0.0,0.0,1.0,0.0,-1.5181936033554047,-1.0711583238066835,-0.08842792654022237,2201.0971
1.0,0.0,1.0,0.0,0.0,0.8987451017937995,0.36662204115080693,1.5571004455995683,11289.10925
1.0,0.0,0.0,0.0,0.0,-1.5181936033554047,-0.3725477146966537,-0.08842792654022237,11272.33139
1.0,0.0,0.0,1.0,0.0,0.04570791174113922,1.8424783397801712,-0.9111921126101178,5438.7491
0.0,1.0,0.0,0.0,1.0,-1.376020738346628,-1.4502621851483821,-0.9111921126101178,20167.33603
1.0,0.0,0.0,1.0,0.0,1.183090831811353,0.5131316120186683,2.379864631669464,12949.1554
0.0,0.0,1.0,0.0,0.0,0.25896720925430433,0.6654353467061633,-0.08842792654022237,7727.2532
0.0,1.0,0.0,0.0,1.0,-1.162761440833463,0.13899417680808387,-0.9111921126101178,34166.273
1.0,0.0,0.0,1.0,0.0,-0.7362428458071327,1.1140691738834576,0.734336259529673,4058.1161
0.0,0.0,0.0,1.0,0.0,0.18788077674991593,-0.7251639700057445,-0.08842792654022237,7046.7222
0.0,1.0,1.0,0.0,0.0,0.18788077674991593,-0.6556340041701488,-0.9111921126101178,21348.706
1.0,1.0,0.0,1.0,0.0,1.0409179668025763,0.03966565418580509,-0.08842792654022237,41999.52
1.0,0.0,1.0,0.0,0.0,-0.9495021433202978,-2.1339735158650703,-0.9111921126101178,2680.9493
1.0,0.0,0.0,1.0,0.0,-0.4518971157895793,-0.05138549155128425,-0.9111921126101178,3704.3545
1.0,0.0,0.0,1.0,0.0,-0.4518971157895793,0.4767111537238328,3.202628817739359,6653.7886
0.0,0.0,0.0,0.0,1.0,0.3300536417586927,-0.5066412202367303,-0.08842792654022237,7626.993
0.0,0.0,0.0,0.0,0.0,-0.5229835482939676,1.0900647809164075,1.5571004455995683,6334.34355
1.0,0.0,0.0,0.0,0.0,-0.0964649532676375,-2.275516660601818,0.734336259529673,6640.54485
0.0,0.0,0.0,0.0,1.0,1.2541772643157414,-0.3079841749921722,-0.9111921126101178,11455.28
0.0,0.0,1.0,0.0,0.0,1.6806958593420716,-0.9072662614799232,-0.9111921126101178,14254.6082
0.0,1.0,0.0,1.0,0.0,1.5385229943332948,-0.1060161789935375,1.5571004455995683,30942.1918
1.0,0.0,0.0,0.0,0.0,-1.3049343058422396,-1.709344081654827,1.5571004455995683,3861.20965
0.0,0.0,1.0,0.0,0.0,1.6096094268376833,0.35089502506894626,-0.9111921126101178,13844.7972
1.0,1.0,0.0,1.0,0.0,-0.23863781827641423,0.6406032160505938,-0.9111921126101178,37742.5757
1.0,0.0,0.0,1.0,0.0,0.6143993717762462,-0.14243663728837358,-0.9111921126101178,7789.635
1.0,0.0,1.0,0.0,0.0,0.6854858042806344,0.2879869607415024,1.5571004455995683,10269.46
1.0,1.0,0.0,0.0,0.0,-0.30972425078080257,-0.46690981118781893,0.734336259529673,20984.0936
1.0,1.0,0.0,1.0,0.0,0.401140074263081,-0.0331752624038665,-0.9111921126101178,62592.87309
1.0,0.0,0.0,0.0,0.0,-0.16755138577202586,-0.12091545738687993,0.734336259529673,6406.4107
0.0,0.0,0.0,0.0,1.0,-0.0964649532676375,-0.49008646646635023,-0.9111921126101178,5383.536
1.0,0.0,0.0,1.0,0.0,-1.0916750083290745,0.2399781748074009,-0.9111921126101178,1981.5819
1.0,0.0,0.0,0.0,1.0,-1.0916750083290745,-1.1853861248223048,-0.9111921126101178,1969.614
1.0,0.0,0.0,0.0,1.0,-0.8784157108159095,-0.043108114666094204,1.5571004455995683,4260.744
0.0,1.0,0.0,0.0,0.0,0.25896720925430433,-1.7407981138185484,0.734336259529673,19798.05455
0.0,0.0,0.0,1.0,0.0,1.183090831811353,1.8788987980750067,-0.9111921126101178,11093.6229
1.0,0.0,0.0,0.0,1.0,-1.2338478733378513,0.7018558050009989,1.5571004455995683,3443.064
1.0,1.0,0.0,1.0,0.0,1.7517822918464598,-1.1257890112489368,-0.9111921126101178,26926.5144
1.0,1.0,0.0,0.0,0.0,-1.5181936033554047,0.49243816980569355,-0.9111921126101178,34617.84065
0.0,0.0,0.0,1.0,0.0,-0.38081068328519097,-0.2152775538780446,1.5571004455995683,6184.2994
0.0,0.0,0.0,1.0,0.0,-1.5181936033554047,1.5329044442740682,-0.9111921126101178,1633.9618
1.0,1.0,0.0,0.0,0.0,0.8987451017937995,-1.0330823901348098,1.5571004455995683,24869.8368
1.0,0.0,1.0,0.0,0.0,-0.30972425078080257,-1.0645364222985318,-0.08842792654022237,5125.2157
0.0,0.0,0.0,0.0,1.0,-1.4471071708510164,-0.1258818835179935,-0.9111921126101178,1744.465
1.0,0.0,0.0,0.0,1.0,-0.4518971157895793,1.9600170915498683,3.202628817739359,6666.243
1.0,0.0,0.0,0.0,0.0,1.5385229943332948,0.49243816980569355,-0.9111921126101178,13143.33665
0.0,0.0,0.0,1.0,0.0,0.11679434424552758,-0.415590074499641,-0.08842792654022237,6770.1925
1.0,0.0,0.0,0.0,1.0,1.6806958593420716,0.03966565418580509,-0.9111921126101178,13390.559
0.0,0.0,0.0,1.0,0.0,1.6096094268376833,1.4236430693895605,-0.9111921126101178,13470.8044
0.0,1.0,0.0,1.0,0.0,0.3300536417586927,1.241540777915383,-0.9111921126101178,48885.13561
1.0,0.0,1.0,0.0,0.0,-0.23863781827641423,0.052081719513589864,-0.08842792654022237,5373.36425
1.0,1.0,1.0,0.0,0.0,0.4722265067674694,-0.010826344813853434,1.5571004455995683,40720.55105
0.0,0.0,1.0,0.0,0.0,1.7517822918464598,0.3980760733145295,-0.9111921126101178,14692.66935
1.0,1.0,1.0,0.0,0.0,-0.38081068328519097,-0.4511827951059577,-0.08842792654022237,20009.63365
0.0,0.0,1.0,0.0,0.0,1.0409179668025763,-0.4826368272696796,-0.08842792654022237,11305.93455
0.0,0.0,0.0,0.0,0.0,1.2541772643157414,-0.29391263428734915,2.379864631669464,14394.39815
1.0,0.0,0.0,0.0,0.0,1.183090831811353,-0.7657231167431754,-0.9111921126101178,11165.41765
0.0,0.0,0.0,1.0,0.0,-0.9495021433202978,-0.1060161789935375,0.734336259529673,3981.9768
0.0,0.0,1.0,0.0,0.0,-1.376020738346628,0.22507889641405968,-0.9111921126101178,2261.5688
1.0,0.0,0.0,0.0,0.0,-0.8073292783115211,-0.5927259398427055,0.734336259529673,4435.0942
1.0,0.0,1.0,0.0,0.0,-0.7362428458071327,-0.13664247346874062,0.734336259529673,18157.876
1.0,0.0,1.0,0.0,0.0,-1.3049343058422396,-0.2624586021236272,-0.9111921126101178,1906.35825
1.0,0.0,0.0,0.0,0.0,-0.38081068328519097,-1.5206198886724966,-0.9111921126101178,4500.33925
0.0,0.0,0.0,1.0,0.0,0.401140074263081,-0.3245389287625517,0.734336259529673,8516.829
0.0,1.0,0.0,0.0,0.0,0.8276586692894112,1.0743377648345456,1.5571004455995683,46255.1125
0.0,0.0,0.0,1.0,0.0,0.8276586692894112,-1.4899935941972942,-0.08842792654022237,9855.1314
0.0,0.0,0.0,1.0,0.0,-1.2338478733378513,-0.28811847046771616,-0.9111921126101178,2156.7518
0.0,1.0,0.0,0.0,1.0,0.4722265067674694,0.6687462974602398,-0.08842792654022237,41661.602
0.0,0.0,0.0,0.0,1.0,0.8276586692894112,-1.6489192303929403,-0.9111921126101178,9264.797
0.0,0.0,1.0,0.0,0.0,-1.376020738346628,-0.2624586021236272,-0.9111921126101178,2257.47525
0.0,0.0,1.0,0.0,0.0,1.4674365618289065,-1.0802634383803924,-0.9111921126101178,13012.20865
1.0,0.0,0.0,1.0,0.0,0.18788077674991593,0.8955464241144434,0.734336259529673,7160.3303
0.0,0.0,0.0,1.0,0.0,1.4674365618289065,1.241540777915383,-0.9111921126101178,12648.7034
1.0,0.0,0.0,1.0,0.0,0.25896720925430433,-0.8344253448902517,3.202628817739359,14478.33015
0.0,0.0,0.0,0.0,0.0,-0.5229835482939676,-1.6621630334092445,-0.9111921126101178,4544.2348
0.0,0.0,1.0,0.0,0.0,-0.30972425078080257,0.8698865557703545,-0.08842792654022237,5630.45785
1.0,0.0,0.0,0.0,0.0,0.3300536417586927,-1.3948037600176095,0.734336259529673,8302.53565
0.0,1.0,0.0,0.0,0.0,0.6854858042806344,-1.1117174705441144,1.5571004455995683,24106.91255
0.0,0.0,0.0,1.0,0.0,-1.0916750083290745,-1.216840156986026,-0.9111921126101178,25081.76784
1.0,1.0,1.0,0.0,0.0,0.18788077674991593,-0.3725477146966537,1.5571004455995683,32787.45859
1.0,0.0,0.0,1.0,0.0,-1.5181936033554047,0.5313418411660873,-0.08842792654022237,1725.5523
1.0,0.0,0.0,0.0,1.0,-0.16755138577202586,0.03966565418580509,-0.9111921126101178,4646.759
1.0,0.0,1.0,0.0,0.0,1.183090831811353,0.5238922019694161,-0.9111921126101178,10976.24575
0.0,0.0,1.0,0.0,0.0,-1.0205885758246862,-0.6241799720064275,0.734336259529673,4189.1131
1.0,1.0,0.0,1.0,0.0,0.8276586692894112,2.0427908604017677,0.734336259529673,47462.894
1.0,1.0,0.0,0.0,1.0,-1.376020738346628,-0.53975072777749,-0.9111921126101178,16232.847
0.0,1.0,0.0,0.0,0.0,-0.16755138577202586,-0.8286311810706186,-0.08842792654022237,20296.86345
0.0,1.0,0.0,0.0,1.0,-0.4518971157895793,0.48664400598606117,-0.9111921126101178,37079.372
0.0,0.0,0.0,0.0,1.0,0.3300536417586927,-0.9205100644962269,-0.08842792654022237,7623.518
1.0,0.0,0.0,1.0,0.0,-1.5181936033554047,0.5131316120186683,-0.9111921126101178,1136.3994
0.0,0.0,0.0,1.0,0.0,-0.4518971157895793,1.5329044442740682,-0.08842792654022237,4795.6568
1.0,0.0,0.0,0.0,0.0,1.0409179668025763,0.36662204115080693,-0.9111921126101178,10435.06525
1.0,0.0,0.0,0.0,0.0,-1.5181936033554047,-0.34109368253293176,-0.9111921126101178,1712.227
0.0,0.0,0.0,0.0,0.0,-0.23863781827641423,-0.46690981118781893,-0.9111921126101178,5469.0066
0.0,0.0,1.0,0.0,0.0,-1.2338478733378513,-1.709344081654827,-0.9111921126101178,2527.81865
1.0,0.0,0.0,1.0,0.0,-0.4518971157895793,1.9699499438120966,-0.08842792654022237,11326.71487
0.0,0.0,0.0,1.0,0.0,-0.7362428458071327,0.8227055075247725,-0.9111921126101178,3366.6697
0.0,0.0,0.0,1.0,0.0,-1.0916750083290745,-0.4702207619418948,-0.9111921126101178,2464.6188
0.0,0.0,0.0,0.0,0.0,1.6806958593420716,-1.473438840426914,-0.9111921126101178,14449.8544
1.0,1.0,1.0,0.0,0.0,-0.8784157108159095,-0.34109368253293176,-0.9111921126101178,18310.742
1.0,0.0,0.0,0.0,0.0,0.6143993717762462,0.03635470343172918,1.5571004455995683,10141.1362
0.0,0.0,0.0,1.0,0.0,1.5385229943332948,0.4585009245764151,2.379864631669464,36580.28216
1.0,0.0,0.0,0.0,0.0,0.4722265067674694,0.4767111537238328,-0.08842792654022237,8334.5896
1.0,0.0,0.0,0.0,1.0,-1.4471071708510164,-1.69858349170408,-0.9111921126101178,1242.26
0.0,1.0,0.0,0.0,0.0,-0.594069980798356,1.2473349417350155,-0.08842792654022237,58571.07448
1.0,0.0,0.0,1.0,0.0,0.401140074263081,-1.69030611481889,1.5571004455995683,8605.3615
0.0,0.0,0.0,0.0,0.0,0.6143993717762462,-0.5298178755152623,-0.08842792654022237,9447.3824
1.0,1.0,0.0,1.0,0.0,0.18788077674991593,-0.7433741991531623,-0.08842792654022237,38245.59327
1.0,0.0,1.0,0.0,0.0,-0.5229835482939676,0.5396192180512768,-0.08842792654022237,4462.7218
0.0,0.0,0.0,0.0,1.0,-0.38081068328519097,1.2316079256531547,1.5571004455995683,6196.448
0.0,0.0,1.0,0.0,0.0,-0.594069980798356,-1.4577118243450533,-0.9111921126101178,4134.08245
0.0,0.0,0.0,0.0,1.0,0.5433129392718578,0.9005128502455576,-0.08842792654022237,8556.907
0.0,0.0,0.0,1.0,0.0,-1.0205885758246862,1.9153192563698433,-0.08842792654022237,3238.4357
1.0,0.0,0.0,0.0,1.0,0.6143993717762462,0.6190820361490995,1.5571004455995683,9563.029
0.0,0.0,0.0,1.0,0.0,-0.8073292783115211,1.168699861325711,-0.08842792654022237,3766.8838
1.0,0.0,0.0,0.0,1.0,0.8276586692894112,1.0660603879493562,-0.9111921126101178,8798.593
1.0,0.0,0.0,1.0,0.0,0.7565722367850228,2.3523647559078715,-0.08842792654022237,9058.7303
1.0,1.0,0.0,0.0,0.0,0.9698315342981879,0.5868002662968588,-0.9111921126101178,43254.41795
0.0,0.0,0.0,0.0,0.0,-0.23863781827641423,-1.7722521459822704,-0.9111921126101178,5458.04645
0.0,0.0,0.0,1.0,0.0,-0.23863781827641423,-0.2516980121728807,2.379864631669464,7243.8136
1.0,0.0,0.0,0.0,0.0,-1.2338478733378513,-0.2781856182054885,-0.9111921126101178,2250.8352
1.0,0.0,0.0,1.0,0.0,1.3963501293245182,-0.688743511710909,-0.9111921126101178,11743.299
1.0,0.0,0.0,0.0,0.0,0.6143993717762462,0.1464438160047551,-0.08842792654022237,8964.06055
0.0,0.0,1.0,0.0,0.0,-0.02537852076324914,0.22507889641405968,0.734336259529673,7209.4918
1.0,0.0,0.0,0.0,1.0,0.7565722367850228,0.9336223577863177,-0.9111921126101178,8457.818
1.0,0.0,0.0,1.0,0.0,-1.3049343058422396,0.07608611248064058,-0.9111921126101178,16586.49771
1.0,0.0,0.0,0.0,1.0,0.5433129392718578,0.2879869607415024,-0.08842792654022237,8062.764
1.0,0.0,0.0,0.0,0.0,1.3252636968201297,-0.042280376977575376,-0.9111921126101178,11938.25595
1.0,0.0,0.0,0.0,1.0,1.0409179668025763,0.17210368434884407,-0.9111921126101178,9850.432
1.0,0.0,0.0,0.0,0.0,1.5385229943332948,0.5553462341331374,-0.9111921126101178,13143.86485
0.0,0.0,0.0,0.0,0.0,-1.5181936033554047,0.4295301054782508,-0.9111921126101178,2207.69745
0.0,0.0,1.0,0.0,0.0,-1.4471071708510164,1.4989671990447897,-0.08842792654022237,2730.10785
0.0,1.0,0.0,1.0,0.0,-0.6651564133027443,1.4054328402421428,1.5571004455995683,40932.4295
1.0,0.0,1.0,0.0,0.0,0.9698315342981879,-1.0330823901348098,-0.9111921126101178,9863.4718
1.0,1.0,0.0,0.0,0.0,1.183090831811353,-1.7565251299004097,-0.9111921126101178,22412.6485
1.0,0.0,0.0,1.0,0.0,-1.162761440833463,-0.6705332825634907,-0.9111921126101178,1815.8759
0.0,0.0,0.0,1.0,0.0,-0.4518971157895793,-1.034737865511848,-0.9111921126101178,4185.0979
1.0,1.0,0.0,1.0,0.0,0.8276586692894112,-1.216840156986026,-0.08842792654022237,22218.1149
1.0,0.0,0.0,0.0,0.0,1.6806958593420716,0.1464438160047551,-0.9111921126101178,13974.45555
0.0,0.0,0.0,0.0,1.0,0.6143993717762462,-0.2748746674514126,-0.9111921126101178,8277.523
1.0,0.0,0.0,1.0,0.0,0.11679434424552758,0.6041827577557582,-0.08842792654022237,6289.7549
1.0,0.0,1.0,0.0,0.0,0.9698315342981879,-0.2781856182054885,-0.9111921126101178,9869.8102
0.0,0.0,1.0,0.0,0.0,-1.4471071708510164,0.25653292857778104,-0.9111921126101178,2130.6759
0.0,0.0,0.0,0.0,0.0,-1.376020738346628,-0.29391263428734915,-0.9111921126101178,2457.21115
1.0,0.0,0.0,0.0,0.0,1.7517822918464598,-0.6870880363338708,-0.9111921126101178,14394.5579
0.0,0.0,0.0,0.0,0.0,-1.0916750083290745,-0.6556340041701488,-0.9111921126101178,3046.062
0.0,0.0,0.0,0.0,1.0,-0.9495021433202978,0.6025272823787207,0.734336259529673,3987.926
0.0,0.0,1.0,0.0,0.0,0.18788077674991593,0.9327946200977983,-0.08842792654022237,7443.64305
0.0,0.0,1.0,0.0,0.0,1.7517822918464598,-0.07373440914129732,1.5571004455995683,16455.70785
0.0,1.0,0.0,0.0,0.0,1.3963501293245182,1.0271567165889637,-0.08842792654022237,47896.79135
1.0,0.0,0.0,1.0,0.0,1.7517822918464598,1.4236430693895605,-0.08842792654022237,14418.2804
0.0,0.0,1.0,0.0,0.0,-1.4471071708510164,1.1372458291619896,-0.9111921126101178,2138.0707
1.0,0.0,0.0,1.0,0.0,-1.376020738346628,0.09429634162805833,0.734336259529673,2566.4707
1.0,0.0,0.0,1.0,0.0,-0.6651564133027443,1.3690123819473072,-0.08842792654022237,18963.17192
1.0,0.0,0.0,0.0,0.0,1.1120043993069646,-0.2624586021236272,-0.9111921126101178,10796.35025
0.0,0.0,0.0,0.0,0.0,0.04570791174113922,-1.1903525509534183,1.5571004455995683,8252.2843
0.0,1.0,0.0,1.0,0.0,0.25896720925430433,0.33102932054449086,1.5571004455995683,40941.2854
0.0,0.0,0.0,0.0,0.0,0.7565722367850228,-0.5298178755152623,-0.9111921126101178,25656.57526
0.0,1.0,1.0,0.0,0.0,-1.376020738346628,-1.347622711772027,-0.9111921126101178,14711.7438
1.0,1.0,0.0,1.0,0.0,-0.8784157108159095,1.9153192563698433,-0.9111921126101178,39611.7577
0.0,0.0,0.0,0.0,0.0,0.18788077674991593,1.7820534885182855,-0.08842792654022237,7650.77375
0.0,0.0,0.0,0.0,1.0,-0.7362428458071327,-0.8211815418739474,2.379864631669464,5708.867
0.0,0.0,0.0,0.0,0.0,-1.5181936033554047,-0.9072662614799232,-0.9111921126101178,2196.4732
1.0,0.0,0.0,1.0,0.0,1.6096094268376833,0.14892702907031216,-0.08842792654022237,27000.98473
0.0,0.0,0.0,0.0,1.0,-0.6651564133027443,0.05622040795618459,1.5571004455995683,5325.651
1.0,0.0,0.0,0.0,0.0,-0.8784157108159095,-0.7499961006613141,-0.9111921126101178,3070.8087
0.0,0.0,1.0,0.0,0.0,0.9698315342981879,-0.6556340041701488,-0.9111921126101178,10355.641
1.0,0.0,0.0,0.0,1.0,-1.4471071708510164,-0.49008646646635023,-0.9111921126101178,1252.407
0.0,0.0,0.0,0.0,1.0,0.5433129392718578,0.23832269943036327,-0.08842792654022237,8551.347
1.0,0.0,0.0,0.0,1.0,0.11679434424552758,-0.29142942122179205,-0.08842792654022237,6282.235
1.0,0.0,1.0,0.0,0.0,1.6096094268376833,-0.4983638433515403,-0.08842792654022237,13937.6665
0.0,0.0,1.0,0.0,0.0,1.3252636968201297,0.4767111537238328,-0.9111921126101178,12231.6136
1.0,0.0,0.0,0.0,0.0,-1.5181936033554047,-1.2532606152808623,-0.9111921126101178,1704.5681
0.0,0.0,1.0,0.0,0.0,-1.4471071708510164,-0.9859013418892272,-0.08842792654022237,2709.24395
1.0,0.0,0.0,0.0,1.0,1.3963501293245182,1.1322794030308754,-0.9111921126101178,21797.0004
0.0,0.0,0.0,1.0,0.0,-1.376020738346628,0.14892702907031216,-0.9111921126101178,1877.9294
1.0,0.0,0.0,0.0,0.0,0.6854858042806344,-0.7814501328250361,-0.08842792654022237,9282.4806
0.0,0.0,0.0,0.0,0.0,-0.02537852076324914,-1.2060795670352795,1.5571004455995683,7986.47525
0.0,0.0,0.0,1.0,0.0,0.6143993717762462,0.27639863310223645,-0.08842792654022237,8871.1517
0.0,1.0,0.0,1.0,0.0,-1.5181936033554047,1.0412282572937865,-0.9111921126101178,36149.4835
0.0,0.0,0.0,1.0,0.0,0.11679434424552758,0.9137566532618612,-0.08842792654022237,6781.3542
1.0,0.0,0.0,1.0,0.0,0.5433129392718578,2.807620484593318,-0.08842792654022237,8083.9198
1.0,0.0,0.0,1.0,0.0,0.9698315342981879,1.8060578814853356,-0.9111921126101178,9504.3103
0.0,0.0,0.0,0.0,1.0,-1.4471071708510164,-1.9800143058005375,-0.9111921126101178,1728.897
0.0,0.0,1.0,0.0,0.0,-1.4471071708510164,-0.010826344813853434,-0.9111921126101178,2128.43105
0.0,1.0,0.0,1.0,0.0,-1.2338478733378513,0.07608611248064058,1.5571004455995683,35595.5898
0.0,0.0,0.0,0.0,1.0,-1.3049343058422396,0.6687462974602398,-0.9111921126101178,2020.177
1.0,0.0,0.0,0.0,1.0,-0.16755138577202586,-0.1258818835179935,-0.9111921126101178,20420.60465
0.0,0.0,0.0,0.0,0.0,-0.8073292783115211,-0.2781856182054885,-0.08842792654022237,4337.7352
1.0,1.0,0.0,0.0,1.0,-0.8073292783115211,0.9667318653270768,-0.08842792654022237,51194.55914
1.0,0.0,0.0,1.0,0.0,0.8276586692894112,0.4585009245764151,1.5571004455995683,10560.4917
0.0,0.0,0.0,0.0,0.0,-1.0916750083290745,-0.8758122293162013,-0.9111921126101178,3044.2133
1.0,0.0,0.0,0.0,0.0,-0.30972425078080257,1.5146942151266505,2.379864631669464,19496.71917
0.0,0.0,1.0,0.0,0.0,0.9698315342981879,-0.9544473097255053,-0.08842792654022237,10942.13205
1.0,0.0,1.0,0.0,0.0,-1.4471071708510164,-0.8286311810706186,-0.08842792654022237,2221.56445
0.0,0.0,0.0,1.0,0.0,-1.5181936033554047,0.2581884039548187,0.734336259529673,2801.2588
1.0,0.0,1.0,0.0,0.0,0.04570791174113922,0.2879869607415024,0.734336259529673,6986.697
0.0,0.0,0.0,0.0,0.0,-0.4518971157895793,-1.3948037600176095,-0.08842792654022237,5354.07465
0.0,0.0,0.0,1.0,0.0,1.183090831811353,1.5329044442740682,-0.9111921126101178,11090.7178
1.0,0.0,0.0,0.0,0.0,0.8987451017937995,0.4452571215601115,-0.9111921126101178,9722.7695
0.0,0.0,0.0,1.0,0.0,-1.5181936033554047,1.4236430693895605,-0.9111921126101178,1633.0444
1.0,0.0,1.0,0.0,0.0,0.7565722367850228,-0.8600852132343406,0.734336259529673,30284.64294
0.0,0.0,0.0,0.0,1.0,-1.376020738346628,1.0660603879493562,3.202628817739359,4830.63
1.0,0.0,0.0,0.0,1.0,-1.3049343058422396,0.08932991549694477,-0.9111921126101178,1526.312
0.0,0.0,0.0,0.0,0.0,1.4674365618289065,0.901340587934077,-0.9111921126101178,13228.84695
1.0,0.0,1.0,0.0,0.0,-0.02537852076324914,-0.7185420684975927,-0.08842792654022237,6123.5688
0.0,0.0,1.0,0.0,0.0,0.6143993717762462,-0.435455779024097,2.379864631669464,11015.1747
0.0,0.0,1.0,0.0,0.0,-0.23863781827641423,-0.7814501328250361,-0.9111921126101178,5266.3656
1.0,1.0,0.0,0.0,0.0,-1.0916750083290745,0.08353575167731181,-0.9111921126101178,34254.05335
1.0,0.0,0.0,0.0,1.0,-0.8784157108159095,-0.009998607125334605,-0.9111921126101178,2494.022
1.0,1.0,0.0,0.0,0.0,0.18788077674991593,-0.9859013418892272,0.734336259529673,21259.37795
1.0,0.0,0.0,0.0,0.0,0.18788077674991593,-0.7342690845794534,0.734336259529673,7729.64575
1.0,0.0,1.0,0.0,0.0,-1.0916750083290745,-0.6241799720064275,-0.08842792654022237,12609.88702
0.0,0.0,1.0,0.0,0.0,-0.7362428458071327,0.25653292857778104,0.734336259529673,4922.9159
1.0,1.0,0.0,0.0,0.0,-0.7362428458071327,-1.2689876313627229,-0.9111921126101178,16138.76205
0.0,0.0,0.0,1.0,0.0,-1.162761440833463,1.4418532985369794,0.734336259529673,3500.6123
1.0,0.0,0.0,0.0,0.0,1.183090831811353,0.25653292857778104,-0.08842792654022237,11763.0009
1.0,0.0,1.0,0.0,0.0,-0.0964649532676375,-1.7565251299004097,-0.08842792654022237,5855.9025
1.0,1.0,0.0,0.0,1.0,1.0409179668025763,-0.9039553107258467,1.5571004455995683,25382.297
0.0,1.0,0.0,1.0,0.0,0.6143993717762462,0.4220804662815796,-0.9111921126101178,40974.1649
1.0,0.0,1.0,0.0,0.0,-1.4471071708510164,-1.4577118243450533,-0.9111921126101178,1627.28245
1.0,1.0,0.0,1.0,0.0,1.0409179668025763,0.6041827577557582,0.734336259529673,44260.7499
0.0,0.0,0.0,0.0,1.0,-0.6651564133027443,0.30454171451188244,-0.08842792654022237,4149.736
0.0,0.0,0.0,1.0,0.0,0.04570791174113922,0.40387023713416187,1.5571004455995683,7682.67
0.0,1.0,0.0,1.0,0.0,-1.162761440833463,-0.34274915790997,-0.08842792654022237,18328.2381
1.0,0.0,1.0,0.0,0.0,-1.4471071708510164,-1.6464360173273838,0.734336259529673,2803.69785
1.0,0.0,0.0,1.0,0.0,-0.594069980798356,1.478273756831815,-0.08842792654022237,3875.7341
1.0,0.0,0.0,0.0,0.0,-1.5181936033554047,1.4203321186354851,-0.9111921126101178,12890.05765
1.0,0.0,0.0,0.0,1.0,-1.4471071708510164,0.6356367899194796,-0.9111921126101178,1261.859
0.0,0.0,1.0,0.0,0.0,0.401140074263081,0.8698865557703545,-0.9111921126101178,7731.85785
1.0,0.0,0.0,0.0,0.0,1.6806958593420716,1.0271567165889637,-0.9111921126101178,13981.85035
0.0,0.0,1.0,0.0,0.0,-0.0964649532676375,-1.8351602103097138,0.734336259529673,6933.24225
0.0,0.0,0.0,0.0,0.0,1.3963501293245182,-0.67136102025201,-0.9111921126101178,12815.44495
0.0,0.0,0.0,1.0,0.0,-0.9495021433202978,-0.17885709558320909,-0.08842792654022237,3392.3652
0.0,0.0,0.0,0.0,0.0,-0.8784157108159095,0.3037139768233642,-0.08842792654022237,18903.49141
0.0,0.0,0.0,0.0,1.0,1.183090831811353,-0.5563054815478701,-0.9111921126101178,11073.176
0.0,1.0,0.0,0.0,0.0,1.5385229943332948,0.9642486522615197,-0.08842792654022237,48517.56315
1.0,0.0,0.0,0.0,0.0,-0.16755138577202586,-1.3004416635264449,1.5571004455995683,6985.50695
0.0,0.0,0.0,0.0,1.0,1.4674365618289065,-0.3079841749921722,-0.08842792654022237,13224.693
1.0,0.0,0.0,0.0,0.0,-1.5181936033554047,-1.127444486625975,-0.9111921126101178,1705.6245
1.0,0.0,0.0,0.0,0.0,1.1120043993069646,0.7755244592791892,-0.08842792654022237,11394.06555
0.0,0.0,0.0,0.0,0.0,-1.5181936033554047,0.13071679992289442,2.379864631669464,4561.1885
0.0,0.0,0.0,1.0,0.0,-0.02537852076324914,-1.107578782101519,3.202628817739359,8582.3023
1.0,0.0,0.0,0.0,0.0,1.3252636968201297,-0.891539245398062,-0.9111921126101178,11931.12525
0.0,1.0,0.0,0.0,1.0,-0.16755138577202586,2.8208642876096213,0.734336259529673,46113.511
1.0,0.0,0.0,0.0,1.0,1.1120043993069646,-0.109327129747614,-0.9111921126101178,10214.636
